Gender,Partner,Dependents,PhoneService,MultipleLines,InternetService,OnlineSecurity,OnlineBackup,DeviceProtection,TechSupport,StreamingTV,StreamingMovies,Contract,PaperlessBilling,PaymentMethod,SeniorCitizen,Tenure,MonthlyCharges,TotalCharges,Actual,Predicted_RF,Churn_Probability
0,1,0,1,2,0,0,2,2,0,2,2,0,1,0,0,56,127.53,6882.54,0,1,0.529
1,1,0,1,2,1,2,2,0,2,2,0,0,1,2,0,21,145.52,2950.97,0,1,0.635
0,0,0,1,2,1,0,0,2,0,2,0,2,0,0,0,5,123.68,592.95,0,1,0.594
1,1,0,1,0,0,0,2,0,0,0,0,1,0,3,0,15,80.09,1205.83,0,0,0.244
0,1,0,1,2,1,0,0,2,0,2,2,1,0,3,0,4,133.42,523.15,1,1,0.536
0,1,1,1,0,2,1,1,1,1,1,1,0,1,3,1,32,42.12,1289.07,0,0,0.334
0,0,0,1,2,2,1,1,1,1,1,1,2,1,2,0,38,48.79,1892.87,0,0,0.18
0,1,1,1,0,2,1,1,1,1,1,1,1,1,0,0,20,37.35,754.48,0,0,0.148
0,0,0,1,0,0,0,2,0,0,0,2,2,1,3,0,42,94.82,4177.87,1,0,0.362
1,1,0,1,2,1,0,2,2,0,2,0,2,1,2,0,17,119.81,2107.62,1,0,0.479
1,0,1,1,2,0,0,2,0,0,2,0,2,0,0,0,56,101.25,5563.98,1,0,0.29
1,1,0,1,0,0,2,0,0,0,2,0,0,0,0,0,23,92.34,2136.71,0,0,0.493
0,1,0,1,0,1,0,2,0,0,0,2,2,1,0,0,25,115.41,2783.27,1,0,0.464
0,1,0,1,2,1,0,0,0,0,0,0,0,0,0,0,59,102.7,5766.01,1,1,0.589
0,1,1,1,2,0,0,2,0,2,0,0,2,1,1,0,18,94.88,1623.92,1,0,0.26
1,0,0,1,2,1,2,0,0,0,2,2,2,0,0,0,16,123.23,1952.36,0,0,0.354
0,0,1,1,2,1,2,2,2,0,0,2,2,0,1,0,69,148.17,10480.22,0,0,0.369
0,0,1,0,1,1,0,0,0,0,2,0,0,1,1,0,62,89.09,5295.71,1,0,0.455
0,1,0,1,2,1,0,2,2,0,2,0,0,1,2,0,14,133.81,1931.11,1,1,0.634
1,1,0,1,0,1,0,2,2,2,2,2,0,1,3,0,63,138.75,8863.0,1,0,0.462
0,0,0,1,0,2,1,1,1,1,1,1,1,0,1,0,33,38.15,1300.95,0,0,0.205
0,0,0,1,0,0,2,0,2,0,0,0,0,1,0,0,15,94.56,1376.26,0,1,0.505
1,1,0,1,0,0,0,0,0,0,2,2,0,1,3,0,52,97.79,4869.89,0,1,0.62
0,1,1,1,2,2,1,1,1,1,1,1,0,1,2,0,66,48.93,3191.14,1,0,0.36
1,0,0,1,0,2,1,1,1,1,1,1,2,1,0,0,31,38.14,1219.82,0,0,0.159
1,0,0,1,2,0,0,0,2,0,0,2,0,0,0,0,60,100.58,6224.18,0,1,0.561
0,0,0,1,2,2,1,1,1,1,1,1,0,0,2,0,9,53.33,480.11,0,0,0.451
1,0,0,1,0,1,0,0,2,0,0,0,2,0,2,0,71,106.7,7527.65,0,0,0.467
1,0,1,1,2,0,0,0,0,0,0,0,0,0,2,0,21,91.03,1951.75,0,1,0.55
1,1,0,1,2,2,1,1,1,1,1,1,1,0,3,0,9,44.24,388.54,1,0,0.117
1,0,0,1,0,1,2,2,0,0,0,2,1,1,0,0,42,121.71,5290.11,0,0,0.381
0,0,0,1,0,0,0,0,2,2,2,2,0,1,1,0,8,119.11,974.88,1,1,0.69
0,0,1,1,0,1,0,0,0,0,0,0,1,1,2,0,53,100.58,5557.16,1,0,0.491
0,0,0,1,2,0,0,0,0,0,0,2,1,0,2,0,12,95.82,1161.78,0,0,0.427
0,0,0,1,2,2,1,1,1,1,1,1,0,1,0,0,51,49.71,2528.68,0,0,0.332
1,0,0,0,1,1,0,0,2,2,0,0,2,0,3,0,15,99.77,1496.65,0,0,0.326
0,1,0,1,0,2,1,1,1,1,1,1,0,0,0,0,41,43.46,1752.45,0,0,0.373
0,1,0,1,0,2,1,1,1,1,1,1,1,1,2,0,56,37.73,2161.66,0,0,0.174
1,1,0,1,0,1,2,2,2,0,0,0,0,1,3,0,61,118.76,7281.96,0,0,0.401
0,0,0,1,2,2,1,1,1,1,1,1,0,1,1,0,66,45.6,2928.12,0,0,0.394
1,0,0,0,1,0,0,0,0,2,0,0,1,0,1,0,44,72.64,3105.33,0,0,0.321
1,1,0,1,2,2,1,1,1,1,1,1,1,0,1,0,70,45.73,3178.01,0,0,0.135
1,0,0,1,0,0,0,0,0,0,0,2,0,1,0,0,71,83.32,5893.67,1,1,0.593
0,0,0,1,0,1,2,0,2,2,2,0,2,0,1,0,17,121.06,1967.62,0,0,0.321
1,1,0,1,0,2,1,1,1,1,1,1,0,0,3,1,72,44.28,3203.14,1,0,0.417
0,0,0,1,0,0,0,0,0,0,0,0,2,1,3,0,47,82.1,3676.24,0,0,0.344
0,0,0,1,2,1,2,2,0,0,0,0,0,0,1,0,61,127.04,7389.45,0,0,0.484
0,1,0,1,2,0,0,0,0,0,0,0,0,0,2,0,8,76.55,634.99,0,1,0.6
1,1,0,1,0,1,0,2,0,0,2,2,2,0,3,1,30,134.97,4053.01,0,0,0.34
0,1,0,1,2,0,0,0,0,0,2,2,0,0,0,1,69,99.53,6641.1,0,1,0.517
0,0,1,1,0,2,1,1,1,1,1,1,0,0,3,0,10,44.29,453.19,0,0,0.326
1,0,0,1,2,0,0,0,0,0,0,0,1,1,0,0,55,89.12,5143.78,1,0,0.281
0,0,0,1,0,2,1,1,1,1,1,1,0,0,0,0,13,41.62,516.11,0,0,0.448
1,0,0,1,2,0,0,2,0,0,0,0,0,1,0,0,69,86.78,5852.27,0,0,0.499
0,0,0,1,0,1,0,0,0,0,2,2,0,1,2,1,32,121.51,3721.58,1,1,0.631
0,0,0,1,0,0,0,2,0,0,0,2,2,0,1,0,8,87.98,674.37,1,0,0.351
0,1,0,1,2,1,0,2,2,0,0,0,0,0,0,0,12,123.22,1499.88,1,1,0.614
0,1,0,1,2,1,0,2,2,0,0,2,0,1,0,0,60,127.13,7407.51,1,1,0.554
1,0,0,1,0,2,1,1,1,1,1,1,1,1,1,0,28,37.34,1036.52,1,0,0.143
1,1,1,1,0,0,0,2,2,2,0,0,0,1,3,1,8,95.31,765.26,0,0,0.461
0,0,1,1,0,1,0,0,2,0,0,0,0,0,3,1,24,105.98,2630.15,1,1,0.626
1,1,0,1,0,2,1,1,1,1,1,1,0,1,3,0,3,41.93,121.89,0,0,0.332
0,0,1,1,0,0,2,0,0,0,2,2,1,0,1,0,65,112.49,7441.72,1,0,0.4
1,0,1,0,1,2,1,1,1,1,1,1,0,1,0,0,31,23.66,715.41,1,0,0.247
1,0,0,1,0,1,0,0,2,0,2,0,1,1,0,0,45,117.25,5418.43,1,0,0.386
0,1,1,0,1,2,1,1,1,1,1,1,1,1,3,1,18,26.27,485.12,0,0,0.176
1,0,0,1,0,2,1,1,1,1,1,1,1,1,2,1,2,43.3,84.51,0,0,0.376
0,0,0,1,0,0,2,2,0,0,0,2,0,1,3,0,37,101.44,3916.23,0,1,0.521
1,1,0,1,2,1,2,0,2,2,0,0,0,1,2,0,61,117.48,7240.62,0,0,0.465
1,0,0,1,0,0,0,0,0,0,0,0,0,0,1,0,12,73.77,865.35,0,1,0.527
0,1,1,1,0,1,0,0,2,0,0,0,2,0,2,0,8,99.37,816.24,0,1,0.558
1,0,0,1,2,2,1,1,1,1,1,1,1,0,1,0,49,51.86,2624.78,0,0,0.192
1,0,0,1,2,1,0,2,0,2,2,0,0,0,2,0,19,137.12,2576.94,1,1,0.626
0,1,0,0,1,1,2,2,0,2,0,0,1,0,2,0,11,111.06,1163.23,1,1,0.503
0,0,0,1,0,0,0,0,0,2,0,0,0,0,1,0,14,90.33,1315.1,0,1,0.611
1,1,0,1,2,1,2,0,2,2,2,2,1,0,3,0,6,155.36,919.1,0,0,0.493
0,0,0,0,1,0,0,2,0,0,0,0,0,1,2,1,71,72.94,5205.63,1,0,0.434
0,1,0,1,0,2,1,1,1,1,1,1,2,0,0,0,62,41.29,2435.29,0,0,0.19
1,1,0,1,0,2,1,1,1,1,1,1,2,1,2,0,51,38.61,2001.94,0,0,0.166
0,0,1,0,1,1,0,0,2,0,2,0,0,1,2,0,31,96.68,3129.02,0,1,0.543
1,0,1,1,2,1,2,0,2,2,2,2,0,1,0,0,60,148.83,9259.78,1,0,0.429
0,0,0,1,0,0,2,0,0,0,2,2,0,1,3,0,31,111.69,3388.09,0,1,0.613
1,0,0,0,1,2,1,1,1,1,1,1,2,0,3,0,46,24.26,1101.49,1,0,0.162
0,0,0,1,0,1,0,0,2,0,0,2,2,1,1,0,25,117.87,2964.3,0,0,0.468
1,1,0,0,1,0,0,0,0,2,0,0,0,0,0,0,9,71.28,648.91,0,0,0.447
1,1,0,1,2,1,0,2,0,0,0,0,0,0,0,0,27,120.42,3324.54,0,1,0.527
1,1,0,1,2,0,0,0,0,2,0,2,1,0,1,0,57,100.38,5497.92,0,0,0.365
1,0,0,1,0,1,0,0,0,0,0,2,1,1,0,0,57,107.76,5917.7,0,0,0.454
1,1,0,1,0,1,0,2,0,0,0,0,0,0,0,0,32,99.53,3163.56,0,1,0.607
1,0,1,1,0,1,0,2,0,0,2,0,1,1,3,0,44,120.73,5346.37,0,0,0.402
1,1,1,1,2,1,2,0,2,0,2,0,0,1,0,0,41,133.04,5224.53,1,0,0.494
1,1,1,1,0,2,1,1,1,1,1,1,0,0,2,0,40,37.42,1519.87,0,0,0.35
1,0,0,1,0,0,0,0,2,2,2,2,0,1,1,1,44,121.22,5571.57,1,0,0.449
0,1,0,0,1,1,0,0,0,2,0,0,0,1,3,0,49,93.0,4366.16,0,1,0.592
0,0,0,1,2,1,0,0,2,0,2,0,2,0,2,1,41,116.55,4558.94,0,0,0.439
0,0,0,1,0,1,0,2,0,0,0,0,0,0,1,0,57,102.53,6092.22,0,1,0.579
1,0,0,1,2,0,0,0,2,2,0,0,2,0,3,1,38,97.1,3508.47,0,0,0.358
1,1,0,1,0,2,1,1,1,1,1,1,0,1,2,0,4,40.6,154.54,1,0,0.38
0,1,1,1,2,2,1,1,1,1,1,1,1,0,0,0,24,47.87,1116.35,0,0,0.171
1,0,0,1,2,0,0,0,0,0,0,2,0,1,0,0,36,91.36,3270.38,0,1,0.612
1,1,0,1,0,0,0,0,0,0,0,0,0,0,1,0,28,69.36,1959.24,0,1,0.533
1,1,1,1,0,0,2,0,2,0,2,0,0,0,2,0,61,105.09,6141.27,1,0,0.498
1,0,0,1,0,1,2,0,0,0,2,0,2,1,1,1,62,104.05,6363.51,1,0,0.412
1,1,0,1,0,2,1,1,1,1,1,1,1,1,3,1,43,38.67,1647.77,0,0,0.236
0,1,0,1,2,1,0,0,2,2,0,0,0,1,3,0,60,130.4,7973.76,0,1,0.595
1,1,0,1,2,0,2,0,0,2,2,2,0,1,3,0,11,118.0,1300.19,1,1,0.608
0,0,0,1,2,0,0,0,0,0,0,2,0,1,0,0,6,98.82,615.57,1,1,0.651
0,0,0,1,2,1,0,0,0,2,0,0,2,1,3,0,46,123.7,5693.83,0,0,0.4
0,1,0,1,0,1,2,2,0,2,2,0,0,1,0,0,71,126.74,8857.76,1,0,0.485
1,0,0,1,2,1,2,0,2,0,2,2,1,0,1,0,62,136.56,8731.14,0,0,0.319
0,1,0,0,1,0,2,2,0,2,0,0,0,1,2,0,61,92.05,5488.39,0,0,0.443
1,1,0,1,0,0,0,2,0,2,0,0,0,1,1,0,69,92.47,6446.83,1,0,0.46
1,1,0,0,1,2,1,1,1,1,1,1,0,1,3,0,13,23.86,317.31,1,0,0.263
0,0,0,1,0,0,2,0,0,0,2,0,0,0,0,0,53,96.57,4932.08,0,0,0.479
1,1,0,1,2,1,0,0,2,0,0,0,0,1,2,0,45,105.28,4634.4,1,1,0.583
1,1,0,1,0,1,0,0,0,0,0,0,0,1,1,1,38,89.01,3351.45,0,1,0.563
1,0,0,1,2,1,0,0,2,2,0,0,2,1,1,0,2,125.07,243.44,0,1,0.627
0,0,1,1,2,2,1,1,1,1,1,1,1,1,3,0,58,52.27,3161.29,0,0,0.13
1,0,1,1,0,1,0,2,0,2,2,0,0,0,3,0,22,129.2,2953.71,1,1,0.655
0,1,0,1,2,2,1,1,1,1,1,1,2,1,0,1,56,44.72,2553.34,0,0,0.184
1,0,0,1,2,1,2,2,0,0,0,2,0,1,2,0,71,133.91,9903.02,0,0,0.468
0,0,0,1,0,1,0,2,2,0,2,0,0,1,0,0,12,110.58,1280.45,1,1,0.719
0,0,0,1,2,1,0,0,0,0,0,0,0,1,2,0,1,98.56,96.71,1,1,0.64
0,0,0,1,0,1,2,0,2,2,0,0,1,0,3,0,71,128.56,9068.0,0,0,0.271
1,0,1,1,2,0,0,2,0,0,2,0,1,0,3,0,52,111.24,5972.8,0,0,0.428
0,0,1,1,2,1,0,0,0,2,0,2,2,1,2,0,65,132.79,8818.57,0,0,0.361
1,0,0,1,2,1,0,0,0,2,0,0,2,1,3,0,69,122.02,8034.48,0,0,0.337
1,0,1,1,2,1,0,0,0,0,0,2,2,0,2,0,38,125.18,4603.04,0,0,0.368
1,0,1,0,1,1,2,0,2,0,2,0,0,1,0,0,58,97.53,5633.96,1,0,0.438
1,0,0,1,0,0,2,0,0,2,0,0,1,0,2,0,22,85.57,1861.54,1,0,0.342
1,0,1,1,2,2,1,1,1,1,1,1,1,1,2,0,16,44.87,715.39,0,0,0.174
0,0,1,1,0,0,0,2,2,2,2,0,0,1,1,0,25,113.22,2861.03,1,1,0.504
0,0,0,1,2,2,1,1,1,1,1,1,1,1,2,0,55,46.44,2680.32,0,0,0.159
1,1,1,1,2,1,2,2,2,0,0,0,1,1,1,0,69,139.36,9140.45,1,0,0.355
1,1,0,1,0,1,0,2,0,0,0,2,0,0,0,0,60,108.18,6341.1,0,1,0.583
1,0,0,1,0,2,1,1,1,1,1,1,1,1,3,1,15,36.89,541.21,0,0,0.239
1,1,0,1,0,1,0,2,2,2,0,0,0,1,3,0,42,129.87,5482.89,1,1,0.543
0,1,0,1,0,0,0,0,2,0,2,2,1,1,0,0,54,97.08,5129.98,1,0,0.335
0,0,0,1,2,1,0,0,2,0,0,2,0,0,3,1,54,131.3,7036.1,1,1,0.633
1,0,0,0,1,0,2,0,0,0,0,0,1,1,3,0,61,74.05,4389.24,1,0,0.278
1,1,0,1,0,1,0,2,0,0,2,2,0,1,2,0,25,127.19,3181.91,0,1,0.633
1,1,0,1,2,0,0,0,0,2,0,0,0,1,2,0,6,101.72,633.0,0,1,0.752
0,1,0,1,2,2,1,1,1,1,1,1,0,1,0,0,65,52.61,3552.25,0,0,0.29
0,0,1,1,0,2,1,1,1,1,1,1,0,1,1,0,39,38.81,1565.69,0,0,0.333
1,0,0,1,0,0,2,2,2,0,0,0,0,0,0,0,19,97.87,1900.65,0,1,0.546
0,1,0,1,2,2,1,1,1,1,1,1,0,1,2,0,58,44.96,2595.24,0,0,0.372
0,0,0,1,0,1,0,0,0,0,0,2,0,1,2,0,44,101.98,4704.5,0,1,0.652
1,1,0,1,2,1,2,0,0,0,0,2,1,1,3,0,18,113.15,2060.71,0,0,0.372
1,0,0,0,1,0,0,0,2,0,0,0,1,0,2,0,51,74.8,3891.84,0,0,0.291
1,1,0,1,2,0,0,2,2,0,0,0,0,0,1,0,48,105.81,4876.3,0,0,0.455
0,0,0,1,2,0,0,2,0,2,0,0,0,1,2,0,16,98.88,1597.95,1,1,0.594
0,0,0,1,0,0,2,2,2,2,2,0,0,1,1,0,25,128.42,3156.91,0,0,0.415
1,0,0,1,2,0,0,0,2,2,0,2,0,0,0,0,13,119.61,1563.49,1,1,0.522
0,1,1,1,2,1,0,0,2,2,0,2,1,1,1,0,24,126.82,3075.65,1,0,0.404
1,0,0,1,2,1,2,0,0,0,2,0,0,1,0,1,20,131.09,2716.81,1,1,0.597
1,1,0,1,0,2,1,1,1,1,1,1,1,1,0,0,24,40.83,984.46,0,0,0.142
1,0,1,1,0,1,0,0,0,0,0,0,2,0,1,0,13,100.84,1263.14,0,1,0.53
1,1,1,1,2,2,1,1,1,1,1,1,0,1,2,0,26,53.38,1414.69,0,0,0.364
0,0,0,1,2,0,0,2,2,2,2,2,0,1,1,0,63,117.72,7282.78,0,0,0.401
1,0,0,0,1,0,2,2,0,0,0,2,2,0,1,0,9,90.32,830.45,1,0,0.431
0,0,1,1,0,2,1,1,1,1,1,1,0,0,0,0,34,37.19,1252.49,1,0,0.345
1,0,0,1,2,1,0,2,0,2,0,0,1,0,1,0,30,129.84,4042.73,1,0,0.411
1,0,0,1,0,0,0,0,2,0,0,2,0,1,1,0,10,89.25,908.85,1,1,0.558
1,0,0,1,2,0,0,2,2,0,2,0,0,1,2,1,62,116.15,7190.33,1,0,0.418
1,1,1,1,2,2,1,1,1,1,1,1,0,0,0,0,59,48.56,2879.29,0,0,0.335
1,1,0,1,2,0,2,2,0,0,0,2,0,0,1,0,59,100.96,6201.1,1,0,0.491
0,0,0,1,2,2,1,1,1,1,1,1,0,1,3,0,24,52.44,1278.14,1,0,0.34
0,0,0,1,0,2,1,1,1,1,1,1,2,1,2,0,58,41.07,2273.54,0,0,0.182
1,0,0,1,2,0,0,0,0,0,0,0,0,1,2,0,61,81.65,4985.08,1,0,0.494
0,1,0,1,2,0,0,0,0,2,0,0,1,1,3,0,47,101.11,4909.84,1,0,0.359
1,1,1,1,0,1,2,0,2,0,0,0,0,1,1,0,19,101.98,2029.61,0,1,0.529
1,1,1,1,2,1,0,0,0,0,0,0,0,1,2,0,53,96.06,5198.8,1,1,0.586
0,1,0,1,2,0,2,2,0,0,0,2,0,1,3,0,26,110.82,2782.73,0,1,0.603
1,0,0,1,2,0,2,0,2,0,2,0,0,1,3,0,51,117.0,5798.9,0,0,0.49
0,0,1,1,0,0,0,0,0,2,2,0,2,0,1,0,32,95.12,3113.51,0,0,0.335
0,0,1,1,2,1,2,0,0,0,2,0,0,1,0,0,1,130.45,129.67,1,1,0.713
0,1,1,1,0,2,1,1,1,1,1,1,2,1,1,0,6,40.36,242.42,0,0,0.253
1,1,0,1,0,0,2,0,0,0,2,0,1,0,3,0,57,103.41,5998.2,0,0,0.384
0,0,0,1,0,0,0,0,0,0,0,0,0,0,0,1,29,75.76,2118.86,0,1,0.512
0,1,0,1,2,0,2,0,0,0,2,0,0,1,1,0,10,109.41,1126.3,0,1,0.683
0,0,1,1,0,0,0,0,2,0,2,2,1,0,3,0,23,106.43,2545.81,0,0,0.384
1,0,1,1,0,1,0,0,0,0,0,0,1,1,3,0,65,103.17,6809.81,0,0,0.462
0,0,1,1,0,1,0,0,0,2,0,0,2,1,2,0,59,102.49,6105.09,1,0,0.394
0,0,0,1,0,1,0,2,0,0,0,2,1,0,2,0,43,118.1,5023.52,0,0,0.45
1,1,0,1,0,2,1,1,1,1,1,1,1,1,1,0,52,37.09,1926.44,0,0,0.205
0,0,0,0,1,2,1,1,1,1,1,1,0,0,2,0,61,24.36,1497.6,0,0,0.329
0,0,1,1,2,2,1,1,1,1,1,1,2,0,2,0,48,48.22,2331.68,0,0,0.163
1,0,1,1,2,1,0,0,0,0,0,2,0,1,2,0,67,111.62,7648.94,1,1,0.554
0,0,0,1,0,0,0,0,0,0,0,0,1,0,1,0,57,76.5,4238.53,0,0,0.329
1,0,1,1,0,0,0,2,0,0,2,0,1,1,2,0,46,96.56,4273.05,0,0,0.382
0,1,0,1,0,2,1,1,1,1,1,1,0,0,3,0,2,42.41,84.24,1,0,0.298
1,1,0,1,0,0,0,0,2,0,2,2,0,0,2,1,18,104.3,1889.45,1,1,0.6
1,1,0,1,2,2,1,1,1,1,1,1,2,1,2,1,44,45.03,1934.04,0,0,0.218
1,0,0,1,0,2,1,1,1,1,1,1,0,1,2,0,19,41.37,788.41,1,0,0.3
0,1,0,1,2,0,2,0,0,2,2,0,0,1,3,0,71,108.33,7971.54,0,1,0.59
0,0,0,1,2,2,1,1,1,1,1,1,0,1,0,0,17,50.57,893.23,0,0,0.425
1,1,1,1,2,0,2,2,0,0,2,0,0,1,1,0,61,112.35,7090.92,0,0,0.462
1,0,0,1,2,0,2,0,0,0,2,0,0,1,3,0,68,97.44,6501.33,1,1,0.603
1,0,1,0,1,1,0,0,2,0,0,2,1,0,1,0,13,104.0,1306.21,1,1,0.531
0,0,0,1,0,1,0,0,0,0,0,2,2,1,1,1,37,102.93,3676.15,0,0,0.38
1,0,1,1,0,2,1,1,1,1,1,1,1,1,3,0,47,42.73,1938.54,0,0,0.134
0,1,0,1,2,1,2,2,2,2,2,2,1,1,3,0,17,170.4,2889.26,0,0,0.431
0,1,0,1,0,1,2,0,0,0,2,0,1,1,2,0,48,115.03,5733.74,1,0,0.421
0,1,0,1,0,1,0,0,0,2,0,0,2,0,2,0,6,112.76,654.88,0,0,0.492
1,0,0,1,0,0,0,0,0,0,2,0,0,1,0,0,46,93.67,4334.41,0,1,0.552
0,0,1,1,0,0,0,2,0,0,0,0,0,0,0,0,7,87.4,584.63,0,1,0.544
1,1,0,0,1,2,1,1,1,1,1,1,0,1,2,0,50,25.05,1210.4,0,0,0.283
0,1,1,1,2,1,0,0,0,0,2,0,0,0,0,0,61,116.49,7237.7,1,1,0.569
1,1,0,0,1,0,0,0,0,0,2,0,2,0,2,0,44,74.71,3305.86,0,0,0.365
1,1,0,1,0,1,2,2,2,0,0,2,0,1,0,0,33,135.98,4289.19,0,0,0.482
1,1,0,0,1,1,2,2,0,2,0,2,0,1,0,0,72,109.06,8015.46,0,0,0.457
0,0,0,1,0,2,1,1,1,1,1,1,1,1,2,1,9,38.93,361.53,0,0,0.281
0,1,0,1,2,1,0,0,2,2,2,0,0,1,1,0,45,121.25,5549.01,1,0,0.438
0,0,0,1,0,0,0,0,0,0,2,2,2,1,0,0,57,98.3,5393.44,0,0,0.33
1,0,1,1,0,2,1,1,1,1,1,1,1,1,2,0,33,41.82,1386.28,0,0,0.164
0,1,0,1,0,0,0,2,2,2,0,2,2,1,3,1,4,102.05,419.18,1,0,0.415
1,0,0,1,2,0,2,2,0,2,0,2,1,1,2,0,18,115.34,2033.75,0,0,0.366
0,0,0,1,2,1,0,2,0,0,2,2,0,0,1,0,41,130.46,5114.42,0,1,0.575
1,0,0,1,0,1,0,2,0,0,0,0,2,1,2,0,45,101.89,4639.76,1,0,0.43
1,0,0,1,2,1,2,2,2,2,0,2,0,1,1,0,3,150.05,471.51,1,1,0.633
0,1,1,1,0,1,2,2,2,0,2,0,1,0,3,1,19,126.24,2517.59,1,0,0.443
1,0,0,1,0,0,2,2,0,0,0,2,0,1,2,0,66,109.08,7503.71,1,0,0.46
1,1,1,1,0,1,2,0,0,0,2,2,0,0,0,0,22,126.28,2804.94,1,1,0.521
0,1,1,1,0,1,0,2,0,0,0,0,1,1,2,0,39,106.21,4310.56,1,0,0.454
1,0,0,1,0,1,0,2,2,0,2,2,2,1,1,0,64,134.11,8628.11,1,0,0.292
1,1,1,1,0,1,0,0,0,0,0,0,2,0,1,0,1,95.09,98.51,0,0,0.421
1,0,0,1,0,2,1,1,1,1,1,1,1,0,2,0,58,40.76,2438.0,0,0,0.262
1,1,1,1,2,0,0,0,0,0,0,0,0,0,2,1,22,90.82,2076.02,1,1,0.522
1,1,0,0,1,0,0,2,0,0,0,2,0,1,0,0,9,71.91,679.23,0,0,0.389
0,0,1,1,2,2,1,1,1,1,1,1,1,1,1,1,58,46.97,2701.55,0,0,0.232
1,0,0,1,0,0,0,2,2,0,2,2,0,0,0,0,45,107.35,4773.94,1,1,0.501
1,0,1,1,0,0,2,2,0,0,2,2,0,1,1,0,42,119.61,5086.86,1,1,0.511
1,0,0,1,0,2,1,1,1,1,1,1,0,1,1,0,48,37.1,1805.59,0,0,0.311
1,0,0,1,2,2,1,1,1,1,1,1,0,1,2,0,63,51.45,3272.32,0,0,0.316
1,0,0,1,2,0,0,2,0,0,0,0,0,1,2,0,56,100.69,5778.37,1,1,0.555
0,0,0,1,0,1,2,0,2,0,2,0,0,1,1,0,44,110.69,4869.64,1,0,0.439
1,0,0,1,2,0,2,0,2,0,0,0,2,1,2,0,49,107.72,5469.12,1,0,0.345
1,1,0,1,2,1,0,2,2,0,2,0,0,1,2,0,18,130.63,2406.63,1,1,0.562
1,0,0,1,0,1,0,2,0,0,2,2,0,0,0,0,68,134.19,9024.24,0,0,0.457
1,0,0,1,2,1,0,2,0,0,2,2,1,0,1,1,10,142.59,1477.09,0,1,0.543
0,0,1,1,2,2,1,1,1,1,1,1,2,1,2,0,26,44.83,1174.32,1,0,0.166
1,1,1,1,0,1,0,0,2,0,2,2,0,0,2,0,7,131.11,881.54,0,1,0.731
1,0,0,1,0,1,2,2,0,0,0,2,2,1,2,0,4,127.54,522.36,1,1,0.528
0,0,1,1,0,1,0,0,0,0,2,0,0,1,0,0,66,103.76,7001.78,1,1,0.576
0,0,0,1,0,0,0,0,2,0,0,0,0,1,2,0,70,81.96,5703.35,0,1,0.563
1,0,1,1,0,0,0,0,0,0,2,0,0,1,3,0,48,82.28,3972.63,1,0,0.466
0,0,1,1,2,1,0,0,2,0,0,0,0,1,1,0,23,103.54,2281.96,1,1,0.604
0,0,0,1,2,2,1,1,1,1,1,1,2,1,3,0,15,46.87,702.96,0,0,0.175
1,1,0,1,0,0,0,2,2,2,2,2,1,1,2,0,35,113.97,4137.36,0,0,0.301
1,1,1,1,2,2,1,1,1,1,1,1,0,0,3,0,25,49.55,1240.34,0,0,0.329
1,1,0,1,2,0,0,0,0,0,0,2,0,1,3,0,68,95.15,6233.46,1,1,0.557
1,1,0,1,2,2,1,1,1,1,1,1,0,1,3,0,50,48.14,2391.07,0,0,0.266
0,0,0,1,0,2,1,1,1,1,1,1,1,0,2,0,53,40.91,2214.93,0,0,0.247
0,0,1,1,0,1,0,2,0,0,2,0,2,0,2,0,38,109.11,4126.3,0,0,0.476
0,1,0,1,2,1,2,0,0,2,2,0,1,1,3,0,22,122.16,2573.31,0,0,0.394
0,0,0,1,2,1,0,0,0,0,2,0,0,0,3,0,6,124.94,737.32,0,1,0.742
0,1,0,1,0,2,1,1,1,1,1,1,2,0,2,1,28,41.66,1205.61,0,0,0.212
1,1,0,1,0,1,0,0,2,2,0,0,2,1,2,0,71,111.84,7726.83,1,0,0.395
1,0,0,1,2,0,0,0,0,0,0,0,0,1,2,0,3,85.9,250.29,1,1,0.677
1,0,0,1,0,1,0,2,0,2,0,2,1,1,2,0,9,131.34,1129.05,0,0,0.46
1,1,0,0,1,2,1,1,1,1,1,1,0,1,2,0,29,23.34,689.99,0,0,0.314
1,1,0,1,0,2,1,1,1,1,1,1,0,0,3,0,44,43.82,1891.11,0,0,0.273
0,0,0,1,0,0,0,0,2,0,0,2,1,1,2,0,3,95.36,279.08,0,1,0.592
0,1,0,1,0,2,1,1,1,1,1,1,0,1,2,0,43,44.03,1811.75,1,0,0.358
1,1,0,1,0,0,0,2,0,0,2,0,0,1,2,0,54,95.29,5266.39,1,1,0.559
0,1,0,0,1,2,1,1,1,1,1,1,1,0,1,0,15,26.76,406.49,0,0,0.197
0,1,0,1,0,1,0,0,2,0,2,0,0,0,3,0,1,124.79,120.69,1,1,0.735
1,0,0,1,2,1,2,0,2,0,2,0,0,0,1,0,57,118.09,6899.38,1,0,0.442
0,0,0,1,0,1,2,2,0,0,2,2,0,0,0,1,69,132.68,9567.79,0,0,0.459
1,0,0,1,0,0,2,0,2,0,0,0,2,1,1,0,35,97.71,3358.97,0,0,0.299
1,1,0,1,0,1,0,0,0,0,0,2,1,0,0,1,20,105.99,2158.79,1,0,0.364
0,0,0,1,0,0,0,0,0,2,0,2,0,1,3,1,29,100.82,3030.69,1,1,0.611
0,1,0,1,2,1,0,2,0,0,0,2,1,1,2,0,35,126.19,4249.89,1,0,0.446
0,0,0,1,2,1,0,2,0,0,0,0,1,0,0,0,67,121.47,8150.37,0,0,0.449
1,1,0,0,1,1,0,0,0,0,2,0,0,0,0,0,22,89.86,1914.29,1,0,0.489
1,1,1,1,0,1,2,0,0,0,0,0,0,1,0,0,5,96.85,475.94,1,1,0.612
0,1,0,1,2,0,2,0,0,0,0,2,0,0,1,1,43,99.45,4202.77,0,1,0.57
1,0,0,1,0,1,2,2,2,2,0,0,0,1,2,0,23,124.26,2843.94,1,0,0.468
0,1,0,1,2,2,1,1,1,1,1,1,2,1,0,0,33,51.98,1769.77,1,0,0.223
0,0,0,1,0,0,2,0,0,2,0,2,0,1,0,1,23,96.33,2152.18,0,1,0.569
1,1,0,1,0,0,0,2,0,0,0,2,0,0,2,0,4,97.79,382.89,1,1,0.612
0,0,1,1,0,1,0,2,2,2,0,2,0,0,0,0,13,122.93,1638.11,0,1,0.577
1,0,1,1,2,1,2,0,0,0,0,2,0,0,3,1,24,127.98,3051.5,1,1,0.586
0,0,0,1,2,1,0,0,0,0,0,2,0,0,1,0,4,113.76,434.27,1,1,0.811
0,1,1,1,0,1,0,2,0,2,0,0,1,0,1,0,11,111.51,1168.88,0,0,0.395
1,1,0,1,2,1,0,2,0,2,0,2,0,0,3,0,2,137.01,271.34,1,1,0.641
0,0,0,1,0,0,2,2,0,0,2,0,0,0,2,0,20,102.84,2088.72,0,1,0.515
0,0,0,1,2,0,2,2,2,0,2,2,1,1,3,0,46,128.92,6073.86,0,0,0.33
1,0,0,1,2,2,1,1,1,1,1,1,0,0,0,0,66,51.73,3583.1,0,0,0.319
0,0,0,1,2,1,0,2,0,0,2,0,0,1,0,0,53,114.66,6329.54,1,1,0.542
0,1,0,1,0,1,2,0,2,2,2,2,0,0,0,0,17,132.85,2299.99,1,0,0.473
0,0,0,1,2,1,0,2,2,2,0,2,0,1,0,0,59,145.08,8499.9,0,0,0.491
1,0,0,1,0,0,0,0,2,0,0,0,1,1,1,0,44,78.46,3353.18,0,0,0.292
0,1,1,1,2,1,0,2,0,0,2,0,0,0,1,0,63,132.28,8659.0,1,1,0.582
0,0,0,1,0,0,0,2,0,0,2,2,0,0,1,0,18,102.19,1836.09,1,1,0.611
1,1,0,1,0,0,0,0,0,0,2,0,0,1,2,0,68,94.52,6512.89,1,1,0.529
1,1,0,1,2,0,2,0,2,0,0,0,0,1,3,1,49,94.78,4798.65,0,0,0.489
0,0,0,1,2,1,2,2,2,0,0,2,0,1,3,0,20,146.64,2807.12,0,1,0.617
0,0,1,1,0,1,0,0,0,0,0,0,1,1,2,0,18,95.34,1742.34,1,0,0.427
0,1,0,1,2,0,0,2,0,0,0,0,0,0,1,0,27,100.5,2635.9,0,1,0.516
0,0,0,1,0,1,0,0,2,0,0,0,2,1,0,0,17,111.62,1875.66,1,0,0.432
1,1,0,1,0,2,1,1,1,1,1,1,0,1,2,0,61,37.2,2216.67,0,0,0.32
0,1,0,1,2,0,0,0,0,0,0,0,0,1,2,0,23,86.12,2051.32,0,1,0.587
1,1,0,1,0,1,0,2,2,2,0,0,0,0,3,0,31,113.22,3357.95,1,1,0.6
0,0,0,1,0,0,2,0,0,0,0,0,0,1,1,0,18,89.4,1564.98,0,1,0.501
0,0,1,1,0,0,2,0,2,2,0,2,0,0,1,0,21,121.63,2549.46,1,0,0.469
1,1,0,1,0,1,0,2,0,0,2,2,0,0,2,0,69,119.67,7909.05,1,1,0.593
0,0,0,0,1,1,0,2,2,2,2,0,2,0,0,0,11,116.6,1309.37,1,0,0.422
0,1,0,1,0,1,0,0,0,2,2,0,2,1,2,0,66,126.57,8601.51,1,0,0.357
0,0,0,1,2,2,1,1,1,1,1,1,2,1,1,1,3,44.4,133.5,0,0,0.299
1,1,0,1,2,1,0,2,0,0,2,0,0,0,1,0,27,134.09,3590.9,1,1,0.531
1,0,0,1,2,2,1,1,1,1,1,1,0,1,1,0,40,47.01,1940.54,1,0,0.293
0,1,0,1,2,1,0,0,0,2,0,2,2,0,1,0,36,132.27,4791.0,1,0,0.408
1,1,1,1,0,0,0,2,0,0,2,0,0,1,2,0,37,91.99,3501.23,1,1,0.552
0,1,1,1,0,0,2,0,0,2,2,2,1,1,0,0,51,106.32,5257.31,0,0,0.27
0,0,0,1,0,1,2,0,0,0,0,2,1,0,2,0,8,115.17,911.79,1,1,0.508
0,0,0,0,1,2,1,1,1,1,1,1,0,0,2,0,47,23.39,1093.64,1,0,0.436
1,1,1,1,2,1,0,2,0,2,2,0,2,1,0,0,43,142.68,6084.29,0,0,0.344
0,1,0,1,0,1,0,0,0,0,0,0,0,1,2,0,32,97.56,3130.07,1,1,0.634
1,1,1,1,0,0,0,2,2,2,0,2,1,1,3,0,69,106.63,7502.0,0,0,0.248
0,0,0,0,1,1,0,2,2,2,2,0,2,0,3,0,2,122.68,246.67,1,1,0.62
1,0,0,1,0,1,0,0,0,0,2,0,1,0,0,1,61,103.05,6204.35,0,0,0.459
1,0,1,1,2,1,0,0,2,0,0,2,0,0,2,0,71,115.76,7981.31,1,1,0.52
0,0,1,0,1,2,1,1,1,1,1,1,2,0,0,0,16,24.11,368.38,1,0,0.256
0,1,1,1,2,0,0,2,0,2,2,2,0,1,0,1,50,126.3,6093.01,0,0,0.486
0,1,1,1,0,1,0,0,0,0,0,0,1,1,2,0,14,95.08,1330.43,0,0,0.457
0,0,0,1,0,2,1,1,1,1,1,1,1,1,1,1,10,42.45,408.46,0,0,0.309
0,1,1,1,2,0,2,2,0,0,0,0,0,1,1,0,28,94.02,2755.47,1,0,0.468
1,0,0,1,2,1,2,2,2,0,2,0,0,1,0,0,14,144.96,2097.32,1,1,0.569
0,0,0,1,0,0,2,0,0,2,0,0,1,1,0,0,46,100.34,4475.12,0,0,0.296
1,1,0,1,0,1,0,2,0,0,2,0,0,1,2,0,2,120.16,233.48,1,1,0.752
1,0,0,1,2,1,2,0,0,2,0,2,2,1,0,1,59,123.91,7353.64,1,0,0.421
0,1,0,1,0,0,2,0,0,2,2,2,0,0,3,0,39,103.44,4002.47,1,1,0.54
0,0,0,1,2,1,0,0,2,2,0,2,0,0,1,0,62,140.63,9018.94,1,0,0.453
0,0,0,1,2,1,0,0,0,2,0,2,2,0,2,0,58,135.72,7886.22,1,0,0.428
0,0,0,1,0,1,0,0,0,2,2,2,1,1,0,0,20,131.86,2567.37,0,0,0.391
0,1,1,1,2,1,0,0,0,0,2,0,2,0,3,0,32,115.26,3858.46,0,0,0.43
0,0,0,1,2,1,0,2,0,2,0,0,1,1,1,0,8,122.38,946.05,1,1,0.608
0,0,1,1,2,1,0,2,0,0,2,2,0,1,2,0,72,136.72,9890.98,0,1,0.515
0,0,0,0,1,1,0,2,0,0,2,2,1,1,0,0,25,110.91,2715.04,1,0,0.461
0,1,1,1,0,1,2,0,0,0,0,0,0,1,1,1,34,100.2,3332.65,0,1,0.598
1,0,0,0,1,1,0,0,0,2,2,0,2,1,0,0,60,98.66,5629.73,1,0,0.397
0,1,0,1,2,2,1,1,1,1,1,1,0,1,1,0,71,47.49,3531.29,0,0,0.328
0,1,0,1,0,0,2,2,2,0,0,0,0,1,0,0,30,109.62,3421.52,0,0,0.451
0,1,1,1,2,1,0,0,0,0,2,2,1,0,3,0,44,126.22,5604.34,0,0,0.38
0,1,0,1,0,0,2,0,0,0,0,0,0,0,3,0,37,76.54,2879.58,0,1,0.514
1,1,0,1,2,1,0,2,2,0,0,0,0,1,0,0,41,122.31,5120.24,1,0,0.462
0,1,0,1,2,1,0,2,2,0,0,0,2,1,0,0,38,116.64,4242.1,1,0,0.38
0,1,1,1,2,0,2,2,2,2,2,0,2,1,2,0,44,124.06,5631.8,0,0,0.285
0,0,0,1,2,1,2,2,0,0,0,2,1,1,2,1,9,119.53,1075.68,0,1,0.589
1,0,0,1,2,2,1,1,1,1,1,1,0,0,2,0,60,50.94,3003.74,1,0,0.328
1,0,1,1,2,0,2,0,0,0,2,2,2,1,1,0,59,121.53,6922.84,0,0,0.396
1,1,0,1,2,1,0,2,0,0,2,2,0,1,2,0,22,121.21,2780.73,0,1,0.601
0,0,1,1,2,1,2,2,0,0,2,0,1,1,1,0,25,134.06,3413.11,1,0,0.324
1,1,0,1,2,1,0,0,2,2,0,2,2,1,0,0,30,131.55,4127.22,0,0,0.323
0,0,0,1,0,2,1,1,1,1,1,1,0,0,2,0,26,43.34,1113.39,0,0,0.415
0,1,0,1,0,0,0,2,0,2,2,2,1,1,0,0,15,113.93,1695.18,0,0,0.382
0,0,1,1,2,0,0,2,0,0,0,2,2,1,0,0,34,93.39,3071.92,0,0,0.257
0,0,0,1,0,2,1,1,1,1,1,1,0,1,2,0,60,42.2,2637.14,0,0,0.393
0,1,0,1,2,0,0,0,0,2,2,0,0,1,3,0,30,102.52,3097.78,1,1,0.515
0,0,0,1,0,2,1,1,1,1,1,1,0,0,0,0,39,41.0,1661.43,1,0,0.39
1,1,0,0,1,1,0,0,2,0,0,0,1,0,2,1,3,87.9,261.27,0,1,0.595
0,0,0,1,0,0,0,0,0,0,0,2,0,1,0,0,55,79.8,4585.77,0,0,0.424
1,1,1,1,2,0,0,2,0,0,2,0,0,0,2,0,37,94.7,3609.19,0,1,0.54
0,0,0,1,2,2,1,1,1,1,1,1,0,0,0,0,48,53.02,2599.21,0,0,0.311
1,0,0,1,0,1,0,2,0,2,0,0,0,0,2,0,71,118.16,8644.45,1,1,0.572
1,0,0,1,0,2,1,1,1,1,1,1,2,0,0,0,72,40.78,2873.0,1,0,0.17
1,1,0,1,0,1,0,2,2,2,0,2,2,0,3,1,25,143.41,3416.2,1,0,0.381
0,1,0,1,0,0,0,0,2,0,0,0,2,0,1,0,64,78.07,4934.5,0,0,0.317
0,0,0,0,1,0,0,2,2,0,0,0,2,0,2,0,58,83.23,4615.31,0,0,0.396
1,1,0,1,0,2,1,1,1,1,1,1,1,1,2,0,10,39.43,386.18,1,0,0.147
0,1,0,1,2,0,2,2,0,0,0,0,1,1,0,1,57,105.57,6025.59,0,0,0.357
0,0,0,1,0,0,2,2,0,2,2,0,2,0,2,0,65,101.23,6499.74,1,0,0.325
0,0,1,0,1,1,0,0,0,0,0,0,1,1,1,1,48,78.09,3816.96,0,0,0.43
1,0,1,1,2,1,2,0,2,0,2,2,0,0,2,0,40,136.69,5359.77,0,1,0.578
0,0,1,1,0,0,0,0,0,2,0,2,1,1,1,0,23,98.1,2191.77,0,0,0.266
0,1,1,1,2,1,2,0,2,0,0,0,1,1,1,0,72,118.77,8537.92,0,0,0.364
0,1,1,0,1,2,1,1,1,1,1,1,2,1,3,0,56,27.68,1623.39,0,0,0.207
0,0,0,1,2,2,1,1,1,1,1,1,2,0,3,0,56,51.65,2885.56,0,0,0.128
1,0,1,1,0,0,0,2,0,0,2,2,0,0,2,0,3,114.98,355.96,1,1,0.75
1,0,1,1,0,1,0,0,0,2,0,0,2,1,1,0,58,111.02,6280.01,1,0,0.422
1,0,0,0,1,0,0,0,0,2,0,0,1,1,1,0,13,69.59,913.65,0,0,0.433
1,1,0,1,2,1,2,0,0,0,0,0,2,1,3,0,8,103.98,825.41,0,1,0.536
0,1,1,1,2,1,0,0,2,2,2,2,2,1,3,0,32,130.81,4069.7,0,0,0.386
1,0,1,1,2,0,2,0,2,0,0,2,0,1,2,1,28,111.91,3188.46,0,1,0.575
1,0,0,1,0,0,0,2,0,0,0,0,2,0,2,0,34,79.51,2761.76,1,0,0.302
0,1,0,1,2,1,0,2,0,2,0,2,0,1,3,0,3,137.98,424.07,0,1,0.663
1,1,1,1,2,2,1,1,1,1,1,1,0,1,0,0,41,47.59,1993.24,0,0,0.215
0,1,1,1,0,1,2,0,2,0,0,2,1,1,0,1,21,111.65,2427.31,1,0,0.391
1,0,0,1,2,0,0,2,0,0,0,0,2,1,0,0,39,84.2,3359.12,0,0,0.231
0,1,0,1,2,2,1,1,1,1,1,1,1,1,2,1,8,49.68,393.22,0,0,0.194
0,1,0,1,2,1,2,0,0,0,0,0,1,1,1,0,18,116.42,2118.74,0,0,0.404
0,1,1,1,0,1,2,0,0,0,2,2,2,1,2,0,47,124.71,5996.93,0,0,0.321
0,0,0,1,2,0,2,2,0,0,2,0,0,1,3,0,69,109.32,7734.55,1,1,0.525
0,0,0,1,2,2,1,1,1,1,1,1,0,0,3,0,23,48.7,1087.77,0,0,0.313
1,0,0,1,2,2,1,1,1,1,1,1,0,0,0,1,24,45.25,1131.56,0,0,0.44
0,0,0,1,0,1,0,2,0,2,0,2,1,1,3,0,37,134.18,4798.87,0,0,0.436
0,0,1,1,0,1,2,0,0,0,2,2,0,0,0,1,3,136.32,421.05,1,1,0.684
1,0,0,1,0,2,1,1,1,1,1,1,0,0,1,0,13,37.43,507.68,0,0,0.394
0,0,1,1,2,0,0,2,0,2,0,0,0,0,1,0,37,97.35,3641.49,1,1,0.576
0,1,0,1,0,0,2,2,0,2,0,0,0,1,0,0,51,99.77,4963.67,0,0,0.425
0,0,0,1,2,1,0,0,2,0,2,0,0,1,2,0,22,132.44,3018.07,1,1,0.669
0,0,0,1,2,0,0,2,0,2,2,2,0,1,3,0,23,124.75,2831.24,0,1,0.593
1,1,1,1,2,0,0,0,0,0,2,2,0,1,2,0,5,112.25,586.02,0,1,0.77
1,0,1,1,0,1,2,0,0,0,0,0,1,1,1,1,1,103.07,99.3,1,0,0.448
0,1,0,0,1,0,2,0,0,0,2,0,1,1,2,0,33,83.46,2685.19,1,0,0.289
1,1,0,1,0,0,0,0,0,2,2,0,2,0,3,0,14,92.34,1352.61,1,0,0.295
0,1,1,1,2,2,1,1,1,1,1,1,2,1,0,1,65,53.59,3617.18,0,0,0.274
1,1,0,1,0,2,1,1,1,1,1,1,0,0,3,0,53,38.5,2112.52,0,0,0.279
1,1,0,1,0,0,2,0,0,0,0,2,0,1,0,0,72,92.46,6622.71,0,0,0.5
0,0,0,1,0,1,2,0,0,0,2,2,0,0,1,0,44,122.9,5486.4,0,1,0.506
0,0,0,0,1,1,0,0,2,0,2,2,0,0,1,0,18,115.78,2041.25,1,1,0.626
0,0,0,1,0,1,2,0,2,0,0,2,2,1,1,0,65,132.39,8695.32,0,0,0.241
1,0,0,1,2,1,0,0,0,2,0,0,1,1,2,0,25,123.93,3176.28,1,0,0.466
0,0,0,1,0,1,0,0,0,2,0,0,0,0,0,0,18,100.92,1899.19,1,1,0.569
0,0,0,1,2,0,0,2,0,2,0,2,1,1,2,0,55,120.32,6731.11,1,0,0.362
0,1,0,0,1,2,1,1,1,1,1,1,0,0,3,0,64,24.26,1627.7,1,0,0.252
0,1,1,1,2,1,0,0,0,0,0,0,0,0,1,0,14,114.32,1543.99,0,1,0.664
1,0,0,1,0,1,0,0,2,2,2,0,0,0,2,0,51,133.68,6656.75,1,1,0.559
0,0,1,1,0,0,0,0,2,0,2,2,2,1,0,0,20,109.14,2105.96,1,0,0.345
0,0,0,1,2,1,2,2,0,2,0,2,0,1,0,0,42,139.99,6026.94,0,1,0.564
1,0,1,1,0,1,0,0,0,2,0,0,2,1,2,0,3,115.95,331.36,1,1,0.578
1,0,0,1,0,1,0,2,0,2,0,0,0,0,2,0,52,109.97,5524.92,0,1,0.642
0,0,0,1,2,1,0,0,0,2,2,2,0,1,2,0,48,139.41,6813.33,1,1,0.632
1,0,0,1,0,2,1,1,1,1,1,1,0,1,0,0,8,38.31,308.6,0,0,0.328
0,1,0,1,0,0,2,0,0,0,0,0,1,1,3,0,23,85.16,1966.75,0,0,0.238
0,0,0,1,0,1,0,2,0,2,2,0,1,0,0,0,69,122.07,8798.91,1,0,0.402
0,0,0,1,2,1,2,0,0,2,2,0,2,1,0,0,67,123.64,8143.89,0,0,0.345
1,0,1,1,0,0,2,2,0,0,0,2,0,1,0,0,5,100.11,523.76,0,1,0.632
1,0,0,0,1,0,2,2,0,0,0,0,0,1,0,0,5,82.83,395.49,0,0,0.458
1,1,0,1,2,0,2,0,0,0,2,0,1,0,1,0,37,106.81,3895.1,0,0,0.309
1,0,1,1,2,2,1,1,1,1,1,1,2,0,3,0,72,47.04,3268.77,0,0,0.124
1,1,1,1,2,0,0,0,2,0,0,0,0,1,2,1,44,82.87,3658.01,1,0,0.409
1,0,0,1,0,0,0,0,2,2,0,0,0,1,2,0,11,101.45,1115.71,1,1,0.517
0,1,1,0,1,2,1,1,1,1,1,1,0,1,2,0,32,26.73,828.96,0,0,0.342
1,0,0,0,1,0,0,0,2,0,0,2,1,1,0,0,44,80.75,3611.71,1,0,0.303
0,1,0,1,2,2,1,1,1,1,1,1,1,0,2,1,68,45.17,3050.17,0,0,0.158
0,0,1,1,0,2,1,1,1,1,1,1,0,1,3,0,9,44.22,413.95,1,0,0.33
0,0,0,1,2,2,1,1,1,1,1,1,0,0,2,0,63,49.32,3131.33,1,0,0.366
1,0,0,1,0,0,0,2,0,2,0,0,1,1,0,0,33,88.5,3036.75,1,0,0.341
0,0,0,0,1,0,0,2,0,0,2,0,0,1,3,0,59,79.38,4456.89,0,0,0.439
1,0,1,1,0,1,2,2,0,0,0,0,0,1,1,0,54,105.66,5564.17,0,1,0.557
0,1,0,1,2,1,2,0,0,2,0,0,0,1,2,0,55,129.16,6946.82,1,1,0.568
1,1,0,1,0,0,0,0,2,0,0,2,0,1,0,0,50,98.6,4735.66,0,1,0.511
0,1,0,1,2,0,0,2,0,0,0,2,1,0,2,1,35,103.68,3668.45,1,0,0.371
0,0,1,1,0,1,0,2,2,2,2,0,1,1,3,1,1,133.03,129.72,1,0,0.44
0,0,0,1,0,1,2,0,2,0,0,0,0,1,1,0,38,118.36,4503.7,1,0,0.468
0,0,1,0,1,0,2,2,2,2,0,0,0,1,1,0,48,90.08,4451.27,1,0,0.327
1,0,0,1,0,1,2,0,2,2,2,0,0,0,1,0,58,143.02,8611.81,0,0,0.424
0,0,0,1,0,0,2,0,0,2,2,2,2,0,0,0,39,123.86,4804.11,0,0,0.305
1,1,0,1,2,1,0,0,0,0,0,2,0,0,2,0,8,105.33,820.49,1,1,0.703
0,0,0,1,0,1,0,0,0,0,0,0,0,0,0,0,27,94.14,2636.85,0,1,0.618
1,0,1,1,0,1,0,2,0,0,0,0,0,1,3,0,4,108.29,431.85,1,1,0.683
0,1,1,0,1,2,1,1,1,1,1,1,0,1,1,0,22,23.01,511.31,0,0,0.416
1,0,0,1,0,0,2,2,0,0,2,2,0,1,3,1,67,104.99,7003.74,1,0,0.478
1,1,0,1,0,0,2,2,0,0,0,2,2,1,2,0,32,110.08,3432.53,0,0,0.345
0,1,1,1,2,2,1,1,1,1,1,1,0,1,2,1,53,52.82,2869.4,0,0,0.406
0,1,1,1,2,1,0,0,0,0,2,2,2,1,3,0,19,130.64,2507.46,0,0,0.379
0,1,0,1,0,1,2,0,2,0,2,0,0,0,0,0,52,118.3,5930.34,1,0,0.438
0,0,1,1,2,0,0,0,0,0,2,0,0,0,3,0,45,90.54,3976.62,0,1,0.539
1,0,0,1,0,2,1,1,1,1,1,1,0,1,2,1,26,40.14,1090.23,0,0,0.489
0,1,0,1,2,1,2,0,0,2,0,2,1,0,2,1,46,122.7,5366.41,1,0,0.411
0,0,0,1,2,1,0,2,0,0,0,0,2,0,2,0,52,110.68,5963.97,1,1,0.526
1,1,0,1,2,1,2,0,2,0,2,2,0,0,0,0,20,129.18,2465.65,0,1,0.536
1,0,0,0,1,1,0,0,0,2,2,0,0,0,0,0,6,97.02,598.19,1,1,0.703
0,0,1,1,0,1,0,2,0,0,2,0,1,1,3,0,1,109.88,108.89,1,1,0.592
0,0,0,0,1,1,2,0,2,0,2,2,1,1,0,1,22,124.74,2700.6,0,0,0.425
0,1,0,1,0,2,1,1,1,1,1,1,2,0,2,0,54,43.27,2438.3,0,0,0.179
1,0,0,1,0,2,1,1,1,1,1,1,0,1,1,0,22,37.99,831.65,0,0,0.328
0,0,0,0,1,1,2,0,0,0,0,0,1,1,0,0,34,97.01,3452.82,0,0,0.345
0,0,1,1,2,1,0,0,2,0,2,0,0,1,0,0,1,123.23,119.58,0,1,0.783
1,0,1,1,0,0,2,0,0,2,2,0,1,1,0,0,62,103.06,6565.15,0,0,0.329
0,0,0,1,0,0,2,0,0,0,2,2,0,0,1,0,16,95.46,1584.59,0,1,0.568
0,1,0,1,0,2,1,1,1,1,1,1,1,0,2,0,31,38.29,1175.51,0,0,0.181
0,0,0,1,2,2,1,1,1,1,1,1,0,1,3,0,42,51.94,2107.76,1,0,0.244
0,0,0,1,0,0,0,0,0,2,2,0,1,0,2,0,56,95.43,5438.23,0,0,0.358
0,1,0,0,1,1,0,0,2,0,0,0,0,1,1,0,21,80.56,1762.8,1,0,0.466
0,0,1,1,0,1,0,0,0,2,2,0,1,1,0,0,64,108.52,7279.85,1,0,0.391
0,0,1,1,0,0,0,0,0,2,2,0,1,1,1,0,25,96.48,2390.52,0,0,0.315
1,0,1,1,2,1,2,2,2,0,2,0,0,1,1,0,51,147.58,7557.38,1,0,0.499
0,0,0,1,2,1,0,0,2,0,0,2,0,1,0,0,68,124.97,8537.64,1,0,0.447
1,0,1,0,1,0,0,0,2,2,0,2,1,0,3,0,31,90.21,2842.97,0,0,0.343
0,1,0,1,0,0,0,0,0,0,0,2,2,1,1,0,69,90.79,6365.07,1,0,0.284
1,0,0,1,0,2,1,1,1,1,1,1,1,1,0,0,64,42.08,2562.19,0,0,0.141
0,0,1,0,1,1,2,0,2,0,2,0,0,1,2,0,7,111.83,762.23,1,1,0.713
0,1,0,1,0,0,0,0,0,0,2,2,2,1,3,0,48,87.96,4329.06,0,0,0.336
0,0,0,0,1,0,0,2,0,2,2,2,0,0,0,0,55,108.1,6004.4,1,1,0.507
0,1,0,1,0,0,0,0,2,0,2,2,1,1,3,0,68,108.3,7074.89,0,0,0.406
0,1,1,1,2,2,1,1,1,1,1,1,2,0,1,0,37,49.86,1820.61,0,0,0.173
1,1,0,1,0,2,1,1,1,1,1,1,2,1,1,1,46,37.81,1679.26,1,0,0.26
0,0,1,1,0,0,0,0,2,2,2,2,2,0,1,0,66,115.2,7554.13,0,0,0.329
1,0,0,1,0,2,1,1,1,1,1,1,2,1,1,0,41,43.63,1805.93,0,0,0.209
0,0,0,1,2,1,0,0,0,2,0,0,0,0,3,0,52,110.04,5929.84,0,1,0.673
0,1,1,1,2,0,0,0,0,2,2,2,0,1,2,0,59,120.52,7414.1,0,1,0.552
0,0,0,1,0,1,2,0,0,2,0,2,1,0,1,1,18,118.02,2210.97,0,0,0.351
1,0,0,1,2,1,0,2,0,2,0,0,1,1,0,0,52,124.84,6421.08,1,0,0.363
1,0,0,1,2,2,1,1,1,1,1,1,2,0,3,0,39,50.32,1918.95,0,0,0.161
1,1,0,1,2,0,0,0,0,0,2,0,0,0,1,0,71,95.05,7077.12,1,0,0.492
0,1,0,1,2,1,2,0,0,0,0,2,0,1,3,0,5,115.19,552.78,1,1,0.793
0,1,0,1,0,1,0,0,0,0,0,2,0,0,2,0,70,102.96,7230.6,1,1,0.61
1,1,0,1,0,2,1,1,1,1,1,1,1,1,2,0,71,38.42,2740.23,0,0,0.232
1,1,1,1,0,1,2,2,0,0,2,0,0,1,1,0,57,120.16,6920.82,0,0,0.466
1,1,0,1,0,1,2,0,2,2,0,0,0,1,1,1,41,117.55,5042.41,1,0,0.362
1,1,0,1,0,0,2,0,0,2,0,2,2,1,3,0,68,106.0,7462.08,0,0,0.324
1,0,0,1,0,1,0,0,0,2,2,0,2,0,0,1,35,123.88,4422.8,1,0,0.352
0,0,0,1,2,1,0,0,0,0,0,0,0,1,3,0,30,99.61,3006.6,1,1,0.628
1,0,0,1,0,0,0,0,2,0,0,0,1,0,2,0,67,89.62,6280.45,0,0,0.403
0,1,1,1,2,0,0,0,0,0,0,2,0,0,3,0,26,91.18,2390.13,0,1,0.577
1,0,0,1,0,1,0,0,0,0,0,2,2,1,2,0,8,97.51,798.05,1,1,0.546
0,1,0,1,2,0,0,0,2,0,2,0,1,1,2,0,20,108.84,2070.22,0,0,0.418
1,1,0,1,2,2,1,1,1,1,1,1,0,0,2,0,65,51.71,3230.72,1,0,0.321
0,0,0,1,0,2,1,1,1,1,1,1,0,0,1,0,12,38.47,450.51,1,0,0.484
0,0,0,1,2,1,0,0,0,0,0,0,0,0,0,0,42,112.84,4840.31,0,1,0.598
1,0,1,1,0,1,0,0,0,0,0,0,0,0,0,0,27,88.53,2427.97,0,1,0.629
1,1,0,1,0,1,2,0,2,2,2,2,0,1,2,0,3,134.35,409.31,1,1,0.709
0,0,0,1,2,1,2,0,0,0,2,0,1,1,2,0,2,130.41,263.34,1,1,0.504
0,0,0,1,0,1,0,0,2,2,0,0,0,1,1,0,27,110.49,2932.36,1,1,0.568
0,1,0,1,2,1,2,0,0,2,0,2,0,0,0,1,6,140.22,877.61,0,1,0.704
1,1,0,1,0,0,0,0,2,0,0,2,1,0,0,1,64,102.54,6267.55,1,0,0.325
1,0,0,1,0,0,2,2,2,2,0,0,0,1,2,0,58,104.79,6163.37,0,0,0.392
0,1,0,0,1,1,2,0,0,0,0,2,0,0,1,0,43,93.67,4148.65,0,1,0.527
0,1,0,1,0,2,1,1,1,1,1,1,2,0,0,0,67,42.49,2802.15,0,0,0.21
0,0,0,1,2,1,0,0,0,2,0,2,1,1,0,0,17,135.03,2359.06,1,0,0.41
0,1,0,0,1,2,1,1,1,1,1,1,1,0,0,0,36,27.05,1011.39,0,0,0.201
1,1,0,1,2,0,0,2,2,0,0,0,1,0,2,0,45,96.87,4439.47,0,0,0.35
1,0,0,1,0,0,0,0,0,2,0,2,0,0,0,0,63,100.67,6503.16,0,1,0.526
1,0,0,0,1,2,1,1,1,1,1,1,1,0,3,1,7,24.94,180.94,0,0,0.224
1,1,0,1,2,0,2,2,0,2,0,0,0,0,3,0,72,100.15,7502.36,1,0,0.472
0,1,0,1,0,0,0,0,0,2,0,2,2,1,2,0,31,87.25,2752.28,1,0,0.335
0,0,0,1,2,1,0,0,0,2,2,0,2,1,2,1,23,128.22,2888.35,1,0,0.435
1,1,0,1,0,0,0,0,0,0,2,0,1,0,3,0,11,82.95,916.66,0,0,0.312
1,0,0,1,0,1,0,0,2,0,0,0,2,0,3,0,38,96.03,3817.8,1,0,0.355
0,1,0,1,0,0,2,2,0,0,0,2,0,1,1,1,64,101.11,6686.93,1,0,0.451
0,1,0,1,0,1,2,0,0,0,0,2,1,0,0,0,14,124.14,1691.62,0,0,0.408
0,0,1,1,2,1,2,0,2,0,2,2,0,0,0,0,31,133.77,4064.35,1,1,0.559
0,1,0,1,2,0,2,2,0,0,2,2,2,0,1,0,50,118.07,5894.09,0,0,0.312
0,1,0,1,0,0,0,2,0,2,0,2,0,1,1,0,2,113.9,221.01,1,1,0.7
0,0,0,1,0,0,0,2,2,0,2,2,0,1,2,1,63,101.31,6347.69,1,1,0.566
1,0,1,1,2,0,2,2,0,0,0,0,0,1,0,0,40,103.61,4185.85,0,1,0.542
0,0,1,1,0,1,0,0,2,0,0,0,0,1,2,0,11,105.13,1164.77,1,1,0.675
1,1,0,1,0,2,1,1,1,1,1,1,0,0,1,1,59,37.89,2281.52,0,0,0.365
1,1,1,1,0,1,2,0,0,0,2,0,0,1,2,0,40,126.28,4945.88,0,1,0.526
0,0,0,1,2,1,2,0,2,0,2,0,1,0,3,0,48,141.67,6786.73,1,0,0.39
0,1,0,1,2,1,0,0,2,0,2,0,1,1,2,0,45,131.29,5860.61,0,0,0.449
0,0,0,1,0,2,1,1,1,1,1,1,1,1,3,0,43,42.43,1793.59,0,0,0.193
0,0,1,1,2,2,1,1,1,1,1,1,0,0,1,0,12,52.39,634.27,0,0,0.416
1,0,0,1,0,1,0,0,0,0,2,2,0,1,0,1,39,115.08,4275.51,1,1,0.635
0,0,0,1,0,0,0,2,2,2,2,0,0,0,2,0,67,111.13,7320.97,0,0,0.487
1,1,0,1,0,1,0,0,0,2,0,0,0,0,2,0,14,105.7,1468.93,0,1,0.59
1,1,1,1,2,1,0,0,0,0,2,0,0,1,0,0,19,105.83,1941.41,0,1,0.56
0,1,0,1,0,0,0,0,2,0,0,2,0,1,3,0,37,100.01,3656.2,1,1,0.559
0,1,0,1,2,1,2,2,0,0,0,2,0,1,3,0,66,141.47,8901.4,0,1,0.541
1,1,0,1,0,1,2,0,0,2,0,0,0,1,2,0,56,107.53,5759.88,0,1,0.561
1,0,0,1,2,1,0,0,2,0,2,0,0,0,2,1,70,120.19,8585.8,1,0,0.467
1,1,1,1,0,1,0,2,2,0,2,2,0,1,2,0,63,128.07,8307.94,0,1,0.526
1,0,0,1,2,2,1,1,1,1,1,1,1,0,1,0,26,47.44,1225.26,0,0,0.19
1,0,0,1,0,1,0,2,0,0,0,2,2,0,1,0,24,119.34,2774.18,1,0,0.476
0,1,0,1,0,1,2,0,0,0,0,2,1,1,1,0,19,104.4,1931.7,0,0,0.344
0,1,1,1,0,0,2,0,2,0,0,2,0,1,2,0,19,94.75,1820.44,1,0,0.464
0,0,1,1,2,1,0,0,0,0,0,2,0,1,3,0,62,119.82,7571.02,0,1,0.583
1,1,0,1,0,0,2,2,2,2,0,0,1,1,3,0,35,105.37,3817.01,0,0,0.315
0,1,0,1,2,0,0,0,2,0,0,2,1,0,3,0,70,93.16,6243.85,0,0,0.403
0,1,0,1,2,2,1,1,1,1,1,1,0,0,1,0,50,46.82,2274.21,0,0,0.332
0,1,0,1,0,2,1,1,1,1,1,1,1,0,0,0,42,38.87,1707.2,0,0,0.238
0,1,0,1,0,0,0,2,0,2,2,0,0,1,1,0,42,95.74,3995.94,1,0,0.476
1,0,0,1,0,0,0,0,2,0,2,0,1,0,2,1,66,101.31,6397.07,1,0,0.448
0,0,0,1,0,2,1,1,1,1,1,1,0,1,3,0,2,37.14,73.66,1,0,0.315
1,0,0,1,2,0,0,0,0,0,0,2,0,0,0,0,6,87.28,531.48,1,1,0.594
1,1,0,1,0,2,1,1,1,1,1,1,0,1,0,0,14,41.52,597.59,1,0,0.307
0,1,1,1,0,1,2,0,0,0,2,0,2,0,2,0,51,119.83,6134.62,0,0,0.416
1,1,0,1,2,2,1,1,1,1,1,1,1,1,2,0,42,45.63,1867.77,1,0,0.14
1,1,0,0,1,2,1,1,1,1,1,1,1,0,3,1,31,26.76,832.16,0,0,0.181
1,0,0,1,0,1,0,2,0,0,0,2,0,1,1,0,36,107.57,3861.38,1,1,0.627
1,0,1,1,2,1,2,2,2,0,0,2,0,1,2,1,49,133.59,6472.51,1,1,0.584
1,1,0,1,2,0,0,0,2,2,2,0,0,1,0,0,30,105.96,3147.38,1,0,0.461
0,1,0,1,0,1,0,0,0,0,0,0,0,1,1,0,62,99.77,5986.43,1,1,0.553
0,1,1,1,0,1,0,2,2,0,0,0,0,1,2,0,28,119.93,3216.45,1,1,0.616
1,1,0,1,2,2,1,1,1,1,1,1,2,1,0,0,63,47.1,3046.37,0,0,0.136
0,0,0,1,2,0,0,2,0,2,2,2,0,1,1,1,38,119.88,4738.2,0,0,0.495
1,0,0,1,2,1,2,0,2,2,0,0,0,0,0,0,29,125.12,3615.4,1,1,0.552
1,1,1,1,0,0,2,2,0,0,0,2,0,1,2,0,41,103.23,4074.14,0,1,0.567
0,1,0,1,0,0,0,0,0,0,0,2,0,0,1,0,21,85.57,1789.03,1,1,0.531
1,0,0,0,1,0,2,2,2,0,0,2,0,1,0,0,45,97.92,4428.34,1,0,0.489
0,1,1,1,2,1,2,0,0,0,0,0,0,1,2,0,34,115.05,3992.66,1,1,0.586
0,0,1,1,2,0,0,0,0,0,2,0,1,1,2,1,65,100.1,6467.43,0,0,0.483
0,0,0,1,0,1,0,0,2,0,2,0,0,1,2,0,2,115.57,222.19,1,1,0.82
1,0,0,0,1,2,1,1,1,1,1,1,1,0,2,0,21,26.35,528.13,0,0,0.157
1,0,0,0,1,0,2,2,2,0,2,0,1,1,2,1,5,85.67,415.67,0,1,0.522
1,0,0,1,0,1,2,0,2,0,2,0,1,1,1,1,5,129.1,645.29,0,1,0.511
0,1,0,1,0,1,2,0,2,2,2,2,1,1,2,0,72,145.75,10174.82,0,0,0.382
1,0,0,1,0,0,0,2,0,0,0,2,1,1,1,0,58,92.12,5388.09,0,0,0.357
0,1,0,1,0,1,0,0,0,0,2,0,0,1,0,0,17,103.38,1729.07,1,1,0.561
0,0,0,1,0,2,1,1,1,1,1,1,0,1,3,0,32,41.13,1326.69,0,0,0.239
1,0,1,1,2,0,0,0,0,0,0,0,0,1,3,0,64,78.98,5003.39,0,1,0.511
1,1,1,1,0,0,0,0,2,2,0,0,0,1,0,0,9,94.17,857.58,0,0,0.437
0,1,0,1,2,0,2,2,0,0,0,2,2,1,3,0,59,116.25,6629.78,0,0,0.361
1,0,1,1,0,1,0,0,0,0,2,2,1,1,0,0,29,111.7,3182.57,0,0,0.413
1,0,0,1,0,1,0,2,2,0,2,0,1,0,2,1,22,125.33,2790.64,1,1,0.502
0,1,0,1,0,1,2,0,2,0,0,0,0,0,2,0,61,122.07,7468.23,0,0,0.454
1,1,0,1,0,1,2,0,2,0,2,2,1,1,1,0,12,128.86,1563.93,1,0,0.466
0,1,1,1,2,1,0,0,0,0,0,2,1,0,3,0,51,110.68,5628.05,1,0,0.444
0,0,0,1,0,1,0,2,0,0,2,2,1,1,3,0,42,114.2,4727.46,1,0,0.413
1,0,0,0,1,1,0,2,0,0,0,2,1,1,2,0,32,94.59,2934.18,0,0,0.445
0,1,0,1,0,0,0,0,2,0,0,2,0,0,0,0,64,89.92,6008.38,0,1,0.535
0,1,1,1,0,1,0,0,0,0,2,0,2,1,2,0,62,113.24,6869.98,1,1,0.515
0,1,0,1,2,0,0,0,0,0,0,2,2,1,2,0,4,95.92,375.59,1,1,0.524
0,0,0,1,0,1,2,0,2,2,2,2,0,0,1,1,48,140.35,6821.72,0,1,0.569
0,0,0,1,0,0,0,0,0,0,2,0,0,0,2,0,57,90.52,5354.49,1,1,0.549
1,1,0,0,1,1,2,2,0,0,2,0,0,1,2,0,56,103.76,6098.67,0,0,0.498
1,1,0,1,2,0,0,2,0,2,0,0,2,0,1,0,22,102.21,2261.59,0,0,0.244
1,0,0,1,0,0,0,0,2,2,0,0,2,1,3,0,51,89.97,4539.89,0,0,0.266
0,1,0,1,2,0,0,0,0,0,0,0,0,1,0,1,25,89.02,2234.89,0,1,0.507
0,0,0,1,0,0,0,2,2,0,0,0,0,1,0,0,40,87.87,3687.48,1,1,0.536
1,1,0,1,0,0,2,0,2,0,2,0,1,1,1,0,3,94.61,293.96,0,1,0.542
0,1,1,1,0,0,0,0,0,2,0,2,1,0,0,1,11,102.87,1165.71,1,0,0.348
0,1,0,1,0,0,0,0,0,0,0,2,0,0,1,1,27,80.97,2200.79,1,0,0.459
0,0,1,1,2,2,1,1,1,1,1,1,1,1,3,0,31,46.63,1465.5,0,0,0.157
1,1,0,1,2,2,1,1,1,1,1,1,2,1,2,0,25,49.95,1246.24,0,0,0.159
0,0,1,1,2,2,1,1,1,1,1,1,0,0,3,0,70,46.68,3151.29,0,0,0.338
0,0,1,1,0,1,0,2,2,0,2,0,0,0,3,1,47,131.0,6096.86,1,1,0.627
1,1,0,1,0,1,0,0,0,2,2,0,0,0,0,0,35,117.73,4080.17,0,1,0.527
1,1,0,0,1,0,2,2,2,2,2,2,0,1,1,0,3,120.86,359.37,0,1,0.589
0,0,0,1,0,0,0,0,0,0,2,2,0,0,1,0,16,89.93,1417.84,1,1,0.573
0,0,1,1,2,1,2,0,2,0,0,0,1,0,1,0,11,114.09,1238.74,1,1,0.524
1,0,1,1,2,0,0,0,0,2,0,2,0,0,0,0,71,106.53,7381.25,0,0,0.445
0,1,0,1,0,2,1,1,1,1,1,1,0,0,0,0,29,38.12,1095.67,0,0,0.383
1,1,0,1,0,2,1,1,1,1,1,1,0,0,2,0,27,40.12,1111.99,1,0,0.359
0,0,1,1,0,0,0,0,2,2,0,0,0,0,0,0,45,89.8,3990.97,1,1,0.517
1,0,0,1,0,1,2,0,0,2,2,0,0,1,0,0,23,123.73,2893.4,0,0,0.468
1,1,0,1,0,0,2,2,2,0,0,0,0,1,0,0,63,91.8,5960.79,0,0,0.364
1,0,0,1,2,0,2,0,2,2,0,0,0,1,2,0,7,108.53,772.51,0,1,0.635
0,1,0,1,0,1,0,0,2,0,0,0,0,1,2,0,53,113.66,6212.8,1,1,0.609
1,1,0,1,0,1,0,0,2,0,2,2,1,0,0,0,66,117.69,8015.43,1,0,0.406
0,1,0,1,0,1,0,2,0,2,2,0,0,1,2,0,31,115.74,3521.65,1,1,0.625
0,1,1,0,1,1,0,0,2,0,0,2,0,0,2,0,21,107.12,2158.66,0,1,0.585
0,0,0,1,2,1,0,2,2,2,0,2,0,0,1,0,46,135.14,6265.06,1,1,0.587
1,1,0,1,2,1,0,0,2,2,2,2,0,1,3,0,66,133.81,9177.78,0,0,0.475
1,0,1,0,1,1,2,2,2,2,2,0,0,0,1,0,67,126.21,8284.33,1,0,0.328
0,1,0,1,0,2,1,1,1,1,1,1,0,0,2,0,69,41.4,2779.04,0,0,0.497
0,1,0,1,2,0,2,2,2,0,0,0,0,0,2,0,6,107.46,664.16,1,1,0.703
0,1,1,1,2,0,0,0,0,2,2,0,0,0,3,1,16,94.25,1475.51,0,0,0.491
0,0,0,1,0,0,2,0,0,2,2,0,0,0,3,0,16,96.77,1549.53,0,1,0.529
1,1,1,1,0,1,0,2,0,0,2,0,0,0,2,0,2,114.96,231.68,1,1,0.735
0,0,1,1,2,0,0,2,0,0,0,0,2,1,0,1,17,84.36,1362.56,1,0,0.238
1,1,0,1,2,0,0,2,0,0,2,0,2,1,2,1,44,98.39,4482.41,0,0,0.293
1,0,0,1,2,0,2,0,0,0,0,2,0,1,2,0,4,93.59,374.47,1,1,0.732
0,1,0,1,0,0,0,2,0,0,0,2,1,1,2,1,22,93.03,2002.7,1,0,0.336
0,1,0,1,2,2,1,1,1,1,1,1,2,0,3,0,30,52.65,1645.98,0,0,0.201
1,0,1,1,2,0,0,2,0,0,0,0,0,1,1,0,12,101.89,1183.74,1,1,0.654
0,1,0,1,0,2,1,1,1,1,1,1,0,0,2,0,61,41.1,2399.43,0,0,0.34
0,0,0,1,2,0,0,0,0,0,2,0,0,0,2,0,48,85.91,3994.51,1,1,0.513
1,0,1,1,0,2,1,1,1,1,1,1,1,0,0,1,35,41.71,1505.51,1,0,0.294
0,0,0,1,2,0,0,0,2,2,0,0,0,0,0,0,51,103.98,5490.49,1,0,0.459
0,0,1,1,0,2,1,1,1,1,1,1,0,0,3,0,10,41.86,397.67,1,0,0.239
1,0,0,1,2,1,2,0,2,2,2,0,0,0,0,0,63,139.94,9231.87,0,0,0.406
0,0,0,1,2,1,2,0,0,2,2,2,0,0,2,0,65,140.72,9149.91,0,1,0.55
1,1,1,1,2,1,2,2,2,2,0,0,0,1,3,0,41,147.79,6218.63,0,1,0.55
1,0,1,1,2,0,0,0,0,2,2,0,2,0,1,0,32,107.88,3594.97,0,0,0.331
0,1,0,1,2,1,0,2,0,2,0,0,0,0,1,0,2,117.67,226.65,1,1,0.734
0,1,0,1,0,1,0,0,0,0,2,0,2,1,0,0,2,115.45,221.67,1,1,0.542
0,0,0,1,0,2,1,1,1,1,1,1,2,1,2,1,53,39.46,2029.24,1,0,0.21
0,1,0,0,1,1,0,2,0,0,2,0,0,0,1,0,37,103.9,3777.86,1,1,0.571
0,0,1,1,0,0,2,2,0,2,0,0,0,0,1,0,71,96.23,7062.1,1,1,0.537
1,0,0,1,0,1,0,0,2,2,0,0,2,1,2,0,15,105.2,1528.26,0,0,0.338
1,0,0,0,1,2,1,1,1,1,1,1,2,1,3,1,46,25.67,1136.43,0,0,0.237
1,0,0,1,2,1,0,0,0,0,2,0,2,1,2,0,68,109.23,7526.44,1,1,0.524
0,1,0,1,0,1,2,0,2,0,0,2,0,0,1,0,3,124.44,387.81,0,1,0.736
0,1,1,0,1,0,0,2,2,2,0,0,0,1,2,1,63,81.59,5356.85,1,0,0.445
0,0,0,0,1,1,0,2,2,2,0,0,2,0,2,0,51,103.7,5061.83,1,0,0.423
0,0,0,1,2,1,2,2,0,0,2,0,0,1,2,0,60,133.59,7666.84,1,1,0.555
0,0,0,1,0,0,2,0,0,0,0,0,0,1,2,0,31,85.4,2728.14,1,1,0.571
0,1,1,1,2,1,0,0,0,2,2,2,1,1,3,1,62,135.96,8335.66,1,0,0.322
1,0,0,1,0,1,0,0,2,0,2,2,2,0,1,1,27,120.19,3230.09,0,0,0.461
0,0,0,1,0,2,1,1,1,1,1,1,0,1,3,0,50,38.03,1915.31,1,0,0.252
0,0,1,1,0,1,0,2,2,0,0,0,0,0,3,0,37,102.28,3605.71,1,1,0.633
1,1,0,1,2,2,1,1,1,1,1,1,0,1,0,0,66,49.89,3184.21,0,0,0.269
0,0,1,1,0,0,0,2,2,0,2,0,0,0,1,0,55,107.07,5700.08,0,1,0.501
1,1,0,1,0,1,2,2,0,0,0,0,1,0,1,1,61,119.36,7628.28,1,0,0.486
0,0,0,1,0,2,1,1,1,1,1,1,0,1,3,0,56,41.48,2257.95,0,0,0.243
0,0,0,1,0,2,1,1,1,1,1,1,2,0,2,0,56,40.0,2328.45,0,0,0.187
1,1,1,1,0,1,2,2,2,0,0,0,2,1,1,0,51,122.23,6156.93,0,0,0.399
1,0,0,1,0,1,2,2,0,0,0,0,1,1,0,1,3,115.55,337.05,0,1,0.649
0,0,0,1,2,0,0,0,2,0,0,0,0,0,0,0,4,96.88,397.28,0,1,0.571
1,1,0,1,2,0,2,2,0,0,0,2,1,0,1,0,44,112.47,4867.72,0,0,0.327
0,0,1,0,1,1,0,2,0,0,0,2,0,0,3,0,65,90.49,5817.32,0,1,0.568
0,0,0,1,0,2,1,1,1,1,1,1,0,1,1,0,44,44.78,1929.46,0,0,0.373
1,1,1,1,0,1,0,0,0,2,0,0,0,1,2,0,3,105.18,310.05,0,1,0.696
0,0,0,1,2,1,0,0,2,0,0,2,1,0,1,1,52,127.67,6338.81,0,0,0.487
0,1,0,1,2,1,0,0,0,0,2,2,2,1,3,0,44,129.15,5898.57,1,0,0.361
0,1,1,1,0,1,0,0,0,2,0,2,1,1,2,0,18,124.53,2267.1,1,0,0.379
1,1,0,1,2,2,1,1,1,1,1,1,1,1,1,0,28,53.19,1429.02,0,0,0.269
1,1,0,1,2,0,0,0,2,2,2,2,1,0,1,0,32,132.14,4295.67,1,0,0.366
1,0,0,1,2,2,1,1,1,1,1,1,0,1,3,1,21,52.29,1134.54,0,0,0.344
1,0,1,1,2,2,1,1,1,1,1,1,1,1,1,0,15,44.83,704.75,0,0,0.167
0,1,0,1,0,1,2,0,2,0,2,2,0,1,3,1,32,131.87,4323.19,1,1,0.518
1,0,0,1,2,2,1,1,1,1,1,1,2,1,0,0,48,48.71,2312.75,0,0,0.128
1,0,1,1,0,0,0,2,0,2,0,2,1,1,2,0,58,103.93,6278.0,1,0,0.342
0,0,0,1,2,1,2,2,0,0,0,0,1,0,2,0,2,112.09,231.19,1,1,0.512
0,0,0,1,2,2,1,1,1,1,1,1,0,0,1,0,72,50.68,3500.06,0,0,0.408
1,1,0,1,0,1,2,0,2,0,0,0,0,1,2,0,31,113.8,3579.43,1,1,0.527
1,1,0,1,2,2,1,1,1,1,1,1,0,1,0,0,12,47.87,582.92,0,0,0.312
0,1,0,1,0,0,0,0,2,0,2,0,2,1,3,0,48,90.22,4424.36,0,0,0.334
0,1,0,1,0,1,0,0,0,0,2,2,1,0,2,0,39,124.04,5078.93,0,0,0.427
0,0,0,1,0,2,1,1,1,1,1,1,2,1,2,0,12,41.49,516.15,0,0,0.217
1,0,0,1,2,2,1,1,1,1,1,1,2,0,1,1,28,51.99,1482.59,0,0,0.341
1,1,0,1,2,2,1,1,1,1,1,1,2,1,2,0,12,52.31,653.21,0,0,0.336
1,0,0,1,0,0,0,0,0,0,0,2,1,0,0,0,9,86.77,742.76,1,0,0.227
1,1,1,1,2,0,0,2,0,0,0,0,1,0,3,0,26,89.35,2424.56,0,0,0.279
0,0,0,1,2,1,0,0,2,0,0,0,0,1,2,0,12,115.63,1334.81,0,1,0.705
1,1,0,1,0,2,1,1,1,1,1,1,0,0,3,0,45,41.43,1787.04,1,0,0.27
1,1,0,1,2,1,0,2,0,0,2,0,0,1,3,0,29,127.68,3861.51,1,1,0.534
0,1,0,1,0,2,1,1,1,1,1,1,2,1,2,1,68,37.04,2575.86,0,0,0.246
0,1,0,1,2,1,0,0,2,0,0,0,2,0,0,0,60,103.34,6482.2,0,0,0.397
1,0,0,1,2,2,1,1,1,1,1,1,0,0,3,0,72,48.34,3409.12,0,0,0.484
1,0,0,1,2,1,2,2,0,0,0,0,0,0,0,0,69,130.58,8929.78,0,0,0.47
0,1,0,1,2,0,0,0,0,0,0,2,0,1,2,0,42,89.74,3776.41,1,1,0.584
1,0,0,1,0,1,0,0,0,2,2,2,1,0,2,0,54,132.08,7244.34,0,0,0.339
1,1,1,1,2,0,0,0,0,0,0,0,0,0,2,0,66,84.86,5477.02,1,1,0.535
0,0,0,0,1,2,1,1,1,1,1,1,0,0,0,0,57,25.94,1453.59,0,0,0.373
1,1,1,1,2,1,0,0,2,2,2,0,2,1,0,0,11,140.39,1503.16,1,0,0.421
0,0,0,1,2,1,2,0,0,0,0,0,0,1,3,0,65,116.23,7882.04,0,1,0.55
1,0,0,0,1,0,2,2,2,0,0,2,0,1,1,0,29,96.31,2925.37,0,1,0.524
1,0,0,1,0,2,1,1,1,1,1,1,0,1,2,0,14,39.05,568.02,0,0,0.319
0,1,0,1,0,0,0,2,0,2,0,2,0,1,2,0,59,106.62,6058.91,1,1,0.58
1,0,1,1,0,0,2,2,2,2,2,2,2,1,0,0,14,119.23,1695.82,0,0,0.267
1,0,1,1,0,0,2,2,0,2,2,0,0,1,2,0,32,113.17,3640.17,1,1,0.506
1,0,0,1,0,1,0,0,0,0,2,2,2,1,1,0,52,116.5,6023.93,0,0,0.364
0,0,0,0,1,2,1,1,1,1,1,1,1,1,2,0,44,24.92,1105.81,0,0,0.186
1,0,1,1,2,1,0,0,2,2,2,0,0,1,2,0,2,127.38,259.52,1,1,0.77
1,0,0,1,0,0,0,0,0,2,2,0,0,1,3,0,61,89.74,5544.01,0,0,0.486
1,0,0,1,0,1,0,2,0,0,2,0,0,0,0,1,65,125.95,8543.19,1,1,0.544
1,1,0,1,2,0,0,0,0,2,2,2,1,1,1,0,36,106.68,4005.68,0,0,0.364
1,0,1,1,2,1,0,0,0,0,2,2,2,0,2,0,37,125.76,4647.25,0,0,0.359
0,1,1,1,2,0,0,2,0,2,0,0,0,0,1,1,51,103.77,5191.4,0,0,0.485
1,0,1,1,0,0,0,2,2,0,0,0,0,1,3,1,34,88.53,3043.79,1,1,0.556
1,1,0,1,0,1,0,0,0,0,0,0,1,1,3,0,10,98.0,1013.25,0,0,0.402
0,1,0,1,2,2,1,1,1,1,1,1,0,1,0,0,60,47.48,2861.56,0,0,0.361
1,1,0,1,0,2,1,1,1,1,1,1,0,1,3,0,48,40.44,1994.46,0,0,0.229
0,0,0,1,2,0,0,2,0,2,0,2,2,0,2,0,8,113.12,885.28,1,0,0.487
0,0,1,1,2,2,1,1,1,1,1,1,1,0,2,0,9,48.97,449.76,1,0,0.156
1,1,0,1,2,1,2,0,2,0,0,0,0,0,2,0,21,124.37,2689.61,1,1,0.55
1,1,0,1,2,1,2,2,2,0,0,0,0,1,1,0,16,128.41,2135.75,1,1,0.563
0,1,0,0,1,1,0,0,0,2,0,0,1,1,3,0,42,87.83,3695.98,1,0,0.374
0,0,1,0,1,0,0,0,0,2,2,2,2,1,0,0,41,95.72,3909.07,0,0,0.315
0,1,0,1,0,1,0,0,2,0,2,2,2,1,1,0,34,118.34,3948.95,0,0,0.376
1,1,0,1,0,1,0,2,0,2,0,0,1,1,1,0,26,109.77,2876.07,0,0,0.438
0,1,0,1,2,0,0,0,0,0,0,2,0,1,1,0,9,101.13,941.97,0,1,0.72
0,0,1,0,1,1,2,0,2,0,2,0,2,1,2,0,28,101.21,2859.37,1,0,0.322
0,0,0,1,0,2,1,1,1,1,1,1,1,1,0,1,17,44.52,760.83,0,0,0.313
1,1,0,1,2,0,2,0,2,2,2,2,0,1,1,1,69,117.15,8304.71,0,0,0.345
0,1,0,1,2,1,0,0,0,0,0,0,1,0,2,0,48,105.78,5173.71,0,0,0.449
0,0,1,1,0,1,0,2,0,2,0,2,0,0,1,0,32,129.87,4126.43,0,1,0.6
0,0,1,1,2,1,0,0,2,0,0,0,0,1,1,0,5,112.27,570.45,0,1,0.771
0,1,0,1,0,2,1,1,1,1,1,1,0,1,1,0,8,39.9,312.43,0,0,0.457
0,0,1,1,0,1,2,0,2,2,2,2,0,0,3,0,69,138.68,10000.12,1,0,0.445
0,1,0,1,2,2,1,1,1,1,1,1,0,1,3,0,42,52.85,2307.0,1,0,0.248
1,1,0,1,2,0,2,2,2,2,2,0,0,0,1,0,16,120.21,1840.95,1,0,0.453
0,1,1,1,2,2,1,1,1,1,1,1,2,1,3,0,45,45.57,2061.11,0,0,0.106
0,1,0,1,2,1,0,0,0,0,0,0,1,1,1,0,56,109.3,6020.4,1,0,0.476
1,1,0,1,2,1,0,0,0,0,2,0,2,0,1,1,14,119.19,1592.57,0,0,0.48
1,0,1,1,0,1,0,0,0,0,2,2,2,1,0,0,6,116.06,689.87,0,0,0.47
1,1,0,1,0,0,2,0,0,0,2,2,0,0,1,0,54,113.75,6351.59,0,0,0.49
1,1,0,1,2,2,1,1,1,1,1,1,0,1,0,1,29,45.59,1318.03,0,0,0.339
1,0,1,1,2,1,2,2,0,0,0,2,0,1,2,1,40,134.32,5210.26,1,1,0.595
0,0,1,1,0,2,1,1,1,1,1,1,0,1,1,1,15,44.09,647.14,1,1,0.519
1,0,0,1,2,1,2,2,0,2,2,2,1,1,1,0,2,146.88,291.86,0,1,0.55
0,1,1,1,2,0,0,0,0,2,0,0,2,0,3,1,15,102.86,1511.26,1,0,0.307
0,0,1,1,0,1,0,0,0,2,0,0,0,0,3,1,61,105.33,6652.29,1,1,0.562
0,0,0,1,0,0,0,0,0,0,0,0,2,1,3,0,27,74.47,1912.59,0,0,0.232
1,1,0,1,0,1,0,2,2,0,0,0,0,1,0,0,33,122.63,4244.93,0,1,0.524
0,0,1,1,2,2,1,1,1,1,1,1,2,1,3,0,30,50.73,1590.85,1,0,0.174
1,1,0,1,0,0,0,0,0,2,0,0,2,1,1,1,2,83.41,172.88,1,0,0.4
1,0,1,1,0,1,2,2,0,0,0,0,0,0,0,0,62,122.83,7737.77,0,0,0.484
0,1,0,1,0,1,0,2,2,0,0,2,2,1,2,1,46,127.52,5621.0,0,0,0.369
1,1,1,1,0,0,2,0,2,0,2,0,0,0,2,0,50,96.93,5032.25,1,0,0.498
0,0,1,1,0,1,2,2,0,2,0,2,2,0,0,0,26,139.62,3510.99,0,0,0.273
0,1,0,1,0,1,0,0,2,0,0,2,1,1,2,0,34,120.16,4262.57,1,0,0.452
1,1,0,1,2,1,2,0,2,0,0,2,2,1,2,0,25,140.83,3646.91,0,0,0.378
1,1,1,1,0,1,0,2,2,0,0,0,1,0,2,1,15,102.94,1542.22,1,0,0.418
0,0,0,1,2,2,1,1,1,1,1,1,0,1,0,0,7,52.4,352.03,1,0,0.478
0,0,0,1,0,0,0,0,0,2,2,2,1,1,0,0,11,109.63,1214.72,0,0,0.333
1,0,1,1,2,2,1,1,1,1,1,1,0,1,1,0,24,50.47,1209.84,0,0,0.34
1,1,1,1,2,1,0,2,0,0,0,2,2,0,1,0,72,130.33,8999.31,1,0,0.302
1,1,0,1,0,1,0,2,0,0,2,0,2,0,2,0,64,119.15,7661.33,0,0,0.459
1,0,1,1,2,2,1,1,1,1,1,1,1,1,2,0,2,46.08,90.48,0,0,0.373
1,0,1,1,0,0,0,2,0,0,0,2,2,1,0,0,5,96.37,495.59,1,0,0.311
1,1,1,1,2,1,0,2,0,2,2,0,0,1,2,0,15,140.55,2132.93,1,1,0.641
1,0,0,1,0,0,0,0,2,0,2,0,1,1,1,0,14,88.97,1277.17,0,0,0.35
1,1,0,1,2,1,0,2,0,0,0,2,0,0,0,0,48,120.68,5709.2,1,1,0.57
0,0,0,1,0,2,1,1,1,1,1,1,0,1,1,1,67,43.14,2860.99,0,0,0.488
1,1,0,0,1,1,2,2,2,0,2,0,2,1,2,0,8,117.47,968.94,1,1,0.533
1,0,0,1,0,0,2,0,2,2,0,0,1,1,3,0,56,95.97,5465.92,0,0,0.304
1,0,1,1,2,0,2,2,0,2,0,0,0,0,1,0,2,110.2,216.31,1,1,0.677
0,0,0,1,2,2,1,1,1,1,1,1,1,0,0,0,71,48.3,3452.25,0,0,0.163
0,0,0,1,2,0,0,2,2,0,0,0,0,1,0,1,70,109.0,7267.61,0,1,0.511
0,0,0,1,0,0,0,0,2,0,2,2,1,1,1,0,20,95.02,1891.64,1,0,0.306
0,1,1,0,1,1,2,2,2,0,0,0,2,1,2,0,65,111.07,7258.35,0,0,0.356
0,0,0,1,2,0,2,0,2,2,2,0,0,1,3,0,6,128.14,767.02,1,1,0.668
1,1,0,1,0,2,1,1,1,1,1,1,0,1,2,0,69,41.2,2826.18,0,0,0.442
1,0,1,0,1,0,0,2,0,2,0,2,2,1,2,0,3,92.67,286.83,0,1,0.564
0,1,1,1,2,1,2,2,0,2,0,0,2,0,1,0,16,120.52,1993.02,0,0,0.298
0,0,0,1,0,0,2,2,2,0,2,0,0,1,2,0,53,110.45,5747.03,1,0,0.434
1,0,0,1,0,0,0,0,0,0,2,0,2,1,0,0,58,78.72,4654.72,0,0,0.376
0,0,0,0,1,0,0,0,0,2,2,2,2,0,2,0,34,83.7,2761.91,1,0,0.42
0,1,1,1,0,1,2,0,0,2,0,0,1,0,0,0,16,120.76,1915.26,0,0,0.275
1,1,0,1,2,1,0,2,0,0,0,0,0,0,0,0,59,115.45,6555.51,0,1,0.538
0,1,0,1,0,2,1,1,1,1,1,1,0,1,0,0,23,39.33,902.46,0,0,0.407
1,1,0,1,0,0,0,0,0,0,0,2,0,1,0,0,60,90.38,5352.63,1,1,0.502
1,0,0,1,0,1,2,2,0,0,0,0,0,0,1,0,4,117.29,446.53,1,1,0.711
0,1,1,1,0,1,0,0,2,0,2,0,0,1,2,1,24,109.84,2621.74,1,1,0.572
0,1,0,1,0,1,2,2,0,0,0,0,0,0,1,0,72,110.02,7723.31,0,1,0.526
1,0,1,0,1,1,0,0,2,0,2,2,2,0,3,0,53,112.1,6204.48,1,0,0.408
1,0,0,1,2,1,0,0,0,0,0,0,0,0,2,0,3,111.84,329.88,1,1,0.761
0,1,0,1,0,2,1,1,1,1,1,1,2,1,0,0,42,43.45,1904.42,0,0,0.152
1,1,0,1,2,1,0,2,0,0,2,2,1,0,1,0,56,135.8,7779.88,1,0,0.399
0,0,0,1,0,0,2,2,0,0,0,2,2,0,1,1,32,112.53,3552.78,0,0,0.321
0,1,0,1,0,0,0,2,0,0,0,0,0,0,1,0,46,77.03,3675.05,1,0,0.454
1,1,0,1,0,1,2,2,0,2,0,0,0,1,2,0,11,123.12,1375.56,0,1,0.654
1,1,0,1,2,2,1,1,1,1,1,1,0,1,2,0,6,50.52,311.68,0,0,0.433
0,0,0,1,0,1,2,2,0,0,0,2,2,1,0,0,50,112.35,5523.03,0,0,0.386
0,0,1,1,2,2,1,1,1,1,1,1,0,0,3,0,55,49.8,2658.35,0,0,0.29
0,0,0,1,0,1,0,0,0,0,2,2,0,1,0,0,72,117.62,8061.07,1,1,0.544
0,1,0,1,0,0,2,2,0,0,2,0,2,1,3,0,3,110.85,322.82,0,1,0.537
0,1,0,0,1,1,2,2,0,0,0,0,0,0,1,0,61,93.29,5809.44,1,0,0.466
1,0,0,0,1,0,2,2,0,0,2,0,0,1,2,1,19,79.45,1450.78,0,0,0.437
1,1,0,0,1,1,2,2,0,0,0,2,1,1,1,0,70,109.73,7640.13,0,0,0.407
0,1,0,1,0,1,2,0,0,0,2,2,0,1,1,0,57,114.06,6322.45,1,0,0.49
1,1,1,1,2,1,2,2,0,0,2,0,2,0,3,0,23,126.93,2844.12,1,0,0.394
1,1,0,1,2,1,2,0,2,0,0,0,0,0,3,0,13,130.97,1704.86,1,1,0.624
1,1,1,1,0,1,0,0,2,2,2,2,0,0,2,0,28,139.52,3903.13,0,1,0.56
1,0,0,1,0,1,0,0,0,2,2,0,1,0,3,0,22,122.53,2687.68,1,0,0.4
1,0,0,1,2,2,1,1,1,1,1,1,0,0,2,1,30,47.92,1458.58,1,0,0.472
0,0,0,1,0,2,1,1,1,1,1,1,0,1,3,0,72,42.19,3022.6,0,0,0.384
0,1,0,1,2,0,0,2,0,0,0,0,2,1,2,0,23,88.82,1970.55,1,0,0.256
0,0,0,1,2,1,0,2,0,2,0,0,1,0,2,0,23,118.82,2797.42,1,0,0.466
1,0,0,1,2,1,0,0,0,2,0,0,2,1,0,0,28,121.06,3475.24,0,0,0.374
1,1,1,1,2,2,1,1,1,1,1,1,2,0,1,0,37,48.08,1840.64,0,0,0.14
1,0,0,0,1,2,1,1,1,1,1,1,0,1,2,0,28,26.38,743.3,0,0,0.275
0,1,0,1,2,0,2,0,0,2,0,2,0,1,2,1,71,123.18,8566.59,1,0,0.487
0,0,0,1,2,1,0,2,2,0,2,2,0,1,1,0,37,142.2,5318.08,1,1,0.528
1,1,0,1,0,1,2,2,0,0,0,0,1,1,3,0,11,106.44,1178.09,1,1,0.502
1,1,1,1,2,1,0,0,2,0,0,2,0,1,1,0,10,130.63,1308.97,0,1,0.698
0,0,0,1,0,0,2,2,0,2,2,0,1,0,1,0,29,111.8,3206.73,0,0,0.267
1,0,0,1,0,0,0,2,2,0,0,2,0,1,2,0,4,110.17,439.27,1,1,0.784
1,0,0,1,0,2,1,1,1,1,1,1,0,0,0,0,58,44.42,2644.51,1,0,0.342
1,1,1,0,1,2,1,1,1,1,1,1,2,1,0,1,48,25.0,1236.77,1,0,0.286
1,0,0,1,0,1,0,0,0,0,0,0,0,1,0,1,41,101.25,3963.19,0,1,0.645
0,1,0,1,2,1,0,0,2,2,2,2,1,1,1,0,52,135.26,6899.9,0,0,0.36
1,1,0,1,0,1,2,0,2,0,2,2,2,0,2,0,20,138.18,2771.14,0,0,0.367
1,1,0,0,1,0,0,0,0,0,2,2,2,1,3,0,58,75.19,4149.96,0,0,0.381
1,0,1,1,2,1,2,0,0,0,0,0,0,1,2,0,32,105.8,3236.36,0,1,0.629
0,0,0,1,0,1,2,0,0,2,0,2,0,1,1,0,18,133.78,2304.48,1,1,0.531
1,0,1,1,0,0,0,2,0,0,2,2,1,1,2,0,57,110.68,6140.25,0,0,0.398
0,1,0,0,1,1,0,0,2,0,0,0,0,1,3,0,28,80.29,2333.51,1,0,0.417
0,0,0,0,1,1,2,0,2,0,0,0,1,0,3,0,31,97.86,3148.82,0,0,0.346
1,0,1,1,2,1,0,2,0,0,2,2,0,1,2,0,59,145.99,8636.74,0,1,0.601
1,1,1,1,0,0,0,0,0,0,0,0,2,1,1,1,26,69.82,1862.98,0,0,0.243
1,0,0,1,0,0,0,0,0,2,2,2,0,1,2,0,34,114.88,3953.31,1,1,0.623
1,1,0,1,0,2,1,1,1,1,1,1,0,1,3,0,1,43.82,41.69,1,0,0.449
0,1,0,1,2,2,1,1,1,1,1,1,0,1,2,0,65,46.68,2885.98,0,0,0.461
0,0,1,1,0,1,2,0,0,0,2,0,2,0,2,0,55,111.98,5976.07,0,0,0.466
1,1,1,1,2,0,2,0,2,0,0,0,0,0,0,0,61,91.76,5806.47,0,0,0.403
0,1,1,0,1,1,2,0,2,0,2,0,0,0,0,0,64,100.59,6659.75,1,0,0.492
0,0,0,0,1,1,0,2,2,0,0,0,0,0,2,0,43,87.61,3905.29,1,1,0.507
0,1,0,1,0,0,0,0,0,0,2,2,0,1,0,0,24,94.98,2343.58,0,1,0.584
1,1,0,1,2,1,0,0,2,0,0,0,2,1,0,0,45,113.74,5166.92,1,0,0.368
1,0,1,1,2,1,2,2,2,0,0,2,2,1,2,1,13,127.67,1607.07,0,1,0.529
0,0,0,1,2,2,1,1,1,1,1,1,1,1,1,1,53,47.51,2467.24,0,0,0.218
0,1,0,1,0,1,2,2,2,0,0,0,0,1,2,0,31,115.53,3555.68,0,1,0.51
0,0,0,1,0,0,0,0,0,0,0,0,1,0,2,1,41,82.9,3406.5,0,0,0.374
0,0,0,0,1,0,2,0,0,2,0,0,0,1,2,1,43,80.59,3522.27,1,0,0.473
0,1,0,1,0,2,1,1,1,1,1,1,1,1,3,1,63,42.03,2566.92,1,0,0.214
1,0,1,1,2,0,0,2,2,0,0,0,0,1,2,0,57,109.6,6032.88,1,1,0.542
0,1,0,0,1,0,2,0,2,2,2,0,1,1,1,0,13,100.93,1375.57,0,0,0.31
0,1,1,1,2,1,0,0,2,0,0,2,2,0,0,0,32,124.71,4051.21,0,0,0.335
